timestamp,sensor_sn,Air_Temperature,Atmospheric_Pressure,EC,Gust_Speed,Max_Air_Temperature, Max_Precip_Rate,Min_Air_Temperature,Precipitation,RH_Sensor_Temp,Solar_Radiation,Tilt_Angle,VPD,Vapor_Pressure,Wind_Direction,Wind_Speed 
1719784800,A4100209,20.0,98.0,0.0,2.11,20.1,0.0,20.0,0.0,19.7,0.0,1.4,0.28,2.067,289.7,0.68
1719785100,A4100209,20.1,98.0,0.0,2.48,20.1,0.0,20.0,0.0,19.8,0.0,1.4,0.29,2.06,302.9,0.75
1719785400,A4100209,20.1,98.01,0.0,2.38,20.2,0.0,20.0,0.0,19.8,0.0,1.4,0.3,2.054,298.2,0.72
1719785700,A4100209,20.1,98.01,0.0,1.8,20.2,0.0,20.0,0.0,19.9,0.0,1.3,0.3,2.047,292.3,0.85
1719786000,A4100209,20.1,98.02,0.0,3.53,20.2,0.0,20.0,0.0,19.9,0.0,1.3,0.32,2.036,286.0,0.99
1719786300,A4100209,20.2,98.02,0.0,2.86,20.3,0.0,20.1,0.0,19.9,0.0,1.4,0.34,2.018,297.4,0.81
1719786600,A4100209,20.2,98.02,0.0,1.98,20.5,0.0,20.0,0.0,19.9,0.0,1.3,0.36,2.003,330.7,0.69
1719786900,A4100209,20.1,98.02,0.0,3.22,20.3,0.0,20.0,0.0,19.9,0.0,1.4,0.37,1.988,11.5,0.93
1719787200,A4100209,20.2,98.03,0.0,4.01,20.3,0.0,20.0,0.0,19.9,0.0,1.3,0.38,1.974,322.7,0.95
1719787500,A4100209,20.1,98.03,0.0,3.6,20.5,0.0,20.0,0.0,19.9,0.0,1.3,0.39,1.965,26.9,1.16
1719787800,A4100209,20.2,98.03,0.0,3.04,20.5,0.0,20.0,0.0,19.9,0.0,1.4,0.41,1.952,57.6,1.04
1719788100,A4100209,20.1,98.03,0.0,2.01,20.2,0.0,20.1,0.0,20.0,0.0,1.3,0.41,1.943,45.8,0.78
1719788400,A4100209,20.2,98.04,0.0,3.59,20.3,0.0,20.1,0.0,20.0,0.0,1.3,0.43,1.934,46.9,1.06
1719788700,A4100209,20.1,98.05,0.0,3.6,20.2,0.0,20.1,0.0,20.0,0.0,1.3,0.42,1.933,65.7,1.12
1719789000,A4100209,20.2,98.08,0.0,4.87,20.5,0.0,20.1,0.0,20.0,0.0,1.3,0.44,1.928,42.6,1.44
1719789300,A4100209,20.1,98.09,0.0,5.02,20.6,0.0,19.8,0.0,20.1,0.0,1.3,0.42,1.925,54.9,1.63
1719789600,A4100209,19.6,98.1,0.0,2.99,19.8,1.2,19.4,0.017,20.0,0.0,1.3,0.36,1.931,25.5,1.03
1719789900,A4100209,19.2,98.1,0.0,4.76,19.4,1.8,19.0,0.085,19.9,0.0,1.3,0.28,1.937,40.6,1.25
1719790200,A4100209,19.0,98.1,0.0,2.91,19.3,1.2,18.9,0.017,19.6,0.0,1.4,0.27,1.931,40.2,0.82
1719790500,A4100209,19.0,98.09,0.0,3.28,19.1,0.0,18.9,0.0,19.4,0.0,1.3,0.27,1.922,29.5,0.83
1719790800,A4100209,18.9,98.08,0.0,1.9,19.1,0.0,18.8,0.0,19.3,0.0,1.3,0.28,1.906,333.3,0.56
1719791100,A4100209,18.8,98.08,0.0,1.54,19.0,0.0,18.6,0.0,19.1,0.0,1.3,0.26,1.904,339.1,0.58
1719791400,A4100209,18.6,98.08,0.0,1.43,18.8,0.0,18.5,0.0,19.0,0.0,1.3,0.24,1.908,319.5,0.82
1719791700,A4100209,18.6,98.09,0.0,1.48,18.7,0.0,18.6,0.0,18.8,0.0,1.3,0.23,1.911,321.9,0.8
1719792000,A4100209,18.7,98.09,0.0,1.72,18.8,0.0,18.6,0.0,18.7,0.0,1.3,0.24,1.913,328.9,0.7
1719792300,A4100209,18.7,98.09,0.0,1.51,18.8,0.0,18.6,0.0,18.7,0.0,1.4,0.24,1.921,325.7,0.83
1719792600,A4100209,18.7,98.1,0.0,2.18,18.8,0.0,18.7,0.0,18.6,0.0,1.4,0.22,1.937,322.7,0.82
1719792900,A4100209,18.8,98.1,0.0,2.88,18.9,0.0,18.7,0.0,18.7,0.0,1.3,0.23,1.942,342.5,1.02
1719793200,A4100209,18.8,98.11,0.0,2.55,18.8,0.0,18.7,0.0,18.7,0.0,1.3,0.23,1.938,323.9,1.03
1719793500,A4100209,18.7,98.12,0.0,2.46,18.8,0.0,18.7,0.0,18.7,0.0,1.3,0.23,1.928,338.2,1.11
1719793800,A4100209,18.7,98.12,0.0,2.77,18.7,0.0,18.6,0.0,18.7,0.0,1.4,0.24,1.912,323.8,1.21
1719794100,A4100209,18.7,98.12,0.0,3.09,18.8,0.0,18.6,0.0,18.7,0.0,1.4,0.25,1.896,2.6,1.24
1719794400,A4100209,18.7,98.13,0.0,4.1,18.9,0.0,18.6,0.0,18.7,0.0,1.3,0.28,1.882,24.6,1.52
1719794700,A4100209,18.7,98.13,0.0,2.95,18.8,0.0,18.6,0.0,18.6,0.0,1.4,0.28,1.872,358.2,0.96
1719795000,A4100209,18.6,98.13,0.0,3.97,18.7,0.0,18.6,0.0,18.6,0.0,1.3,0.28,1.863,357.1,1.23
1719795300,A4100209,18.6,98.13,0.0,3.38,18.7,0.0,18.6,0.0,18.6,0.0,1.3,0.29,1.856,2.1,1.19
1719795600,A4100209,18.6,98.13,0.0,2.2,18.7,0.0,18.5,0.0,18.6,0.0,1.3,0.28,1.858,344.9,0.78
1719795900,A4100209,18.6,98.14,0.0,2.05,18.6,0.0,18.6,0.0,18.5,0.0,1.3,0.28,1.859,321.1,0.78
1719796200,A4100209,18.5,98.14,0.0,2.5,18.6,0.0,18.5,0.0,18.6,0.0,1.3,0.27,1.862,322.8,0.97
1719796500,A4100209,18.5,98.13,0.0,2.72,18.6,0.0,18.4,0.0,18.5,0.0,1.4,0.26,1.861,325.6,1.03
1719796800,A4100209,18.4,98.13,0.0,3.45,18.5,0.0,18.3,0.0,18.5,0.0,1.4,0.25,1.864,325.6,0.89
1719797100,A4100209,18.3,98.14,0.0,3.36,18.4,0.0,18.3,0.0,18.5,0.0,1.3,0.25,1.859,309.6,1.15
1719797400,A4100209,18.4,98.13,0.0,2.67,18.4,0.0,18.3,0.0,18.4,0.0,1.4,0.26,1.852,320.1,1.02
1719797700,A4100209,18.4,98.14,0.0,2.78,18.4,0.0,18.3,0.0,18.4,0.0,1.4,0.26,1.848,323.8,0.99
1719798000,A4100209,18.4,98.13,0.0,3.46,18.5,0.0,18.3,0.0,18.4,0.0,1.4,0.27,1.842,321.6,1.27
1719798300,A4100209,18.3,98.13,0.0,3.35,18.4,0.0,18.3,0.0,18.4,0.0,1.4,0.27,1.84,350.0,1.01
1719798600,A4100209,18.4,98.13,0.0,3.45,18.6,0.0,18.3,0.0,18.4,0.0,1.3,0.28,1.834,352.6,1.09
1719798900,A4100209,18.3,98.14,0.0,3.22,18.4,0.0,18.3,0.0,18.4,0.0,1.4,0.28,1.828,357.2,1.27
1719799200,A4100209,18.3,98.14,0.0,2.49,18.4,0.0,18.3,0.0,18.4,0.0,1.4,0.28,1.825,0.0,0.83
1719799500,A4100209,18.3,98.14,0.0,4.37,18.4,0.0,18.2,0.0,18.4,0.0,1.4,0.28,1.819,332.0,1.04
1719799800,A4100209,18.2,98.14,0.0,3.82,18.3,0.0,18.2,0.0,18.4,0.0,1.4,0.27,1.816,2.6,1.33
1719800100,A4100209,18.2,98.13,0.0,4.02,18.4,0.0,18.0,0.0,18.3,0.0,1.4,0.28,1.808,20.6,1.32
1719800400,A4100209,18.0,98.14,0.0,2.14,18.1,1.8,17.8,0.085,18.3,0.0,1.3,0.24,1.811,324.2,0.75
1719800700,A4100209,17.8,98.14,0.0,1.67,17.9,1.8,17.7,0.102,18.2,0.0,1.4,0.22,1.815,333.2,0.71
1719801000,A4100209,17.7,98.15,0.042,2.97,17.8,1.2,17.5,0.085,18.1,0.0,1.4,0.21,1.814,311.0,0.9
1719801300,A4100209,17.5,98.15,0.0,2.69,17.7,1.2,17.4,0.068,18.0,0.0,1.4,0.18,1.813,321.6,0.97
1719801600,A4100209,17.4,98.15,0.0,1.9,17.6,1.8,17.1,0.068,17.8,0.0,1.4,0.17,1.812,293.7,0.92
1719801900,A4100209,17.4,98.16,0.0,2.67,17.5,1.8,17.3,0.102,17.7,0.0,1.4,0.18,1.807,352.1,1.22
1719802200,A4100209,17.3,98.16,0.0,1.88,17.4,1.2,17.2,0.034,17.6,0.0,1.4,0.17,1.803,302.1,0.88
1719802500,A4100209,17.3,98.17,0.0,1.94,17.3,1.2,17.2,0.017,17.5,0.0,1.3,0.17,1.802,343.9,0.75
1719802800,A4100209,17.2,98.17,0.0,2.37,17.3,1.2,17.2,0.034,17.4,0.0,1.4,0.17,1.798,289.1,0.89
1719803100,A4100209,17.2,98.16,0.0,2.4,17.2,1.2,17.1,0.034,17.4,0.0,1.4,0.16,1.796,304.8,0.69
1719803400,A4100209,17.2,98.16,0.0,2.25,17.2,0.0,17.1,0.0,17.3,0.0,1.4,0.16,1.795,291.1,0.83
1719803700,A4100209,17.1,98.16,0.0,3.06,17.2,0.0,17.1,0.0,17.2,0.0,1.4,0.16,1.792,288.0,0.95
1719804000,A4100209,17.2,98.16,0.0,3.11,17.2,0.0,17.1,0.0,17.2,0.0,1.4,0.17,1.789,301.3,1.05
1719804300,A4100209,17.2,98.16,0.0,3.1,17.2,0.0,17.1,0.0,17.2,0.0,1.4,0.17,1.788,293.2,0.9
1719804600,A4100209,17.2,98.16,0.0,2.64,17.2,0.0,17.1,0.0,17.2,0.0,1.3,0.17,1.786,293.2,0.87
1719804900,A4100209,17.2,98.17,0.0,3.2,17.3,0.0,17.1,0.0,17.2,9.2,1.4,0.17,1.786,294.9,1.1
1719805200,A4100209,17.2,98.17,0.0,2.19,17.2,0.0,17.1,0.0,17.2,16.3,1.4,0.17,1.786,321.1,0.71
1719805500,A4100209,17.2,98.17,0.0,2.21,17.2,0.0,17.1,0.0,17.2,19.6,1.3,0.17,1.788,292.4,0.86
1719805800,A4100209,17.2,98.17,0.0,4.7,17.3,0.0,17.1,0.0,17.2,15.8,1.3,0.17,1.789,302.2,1.1
1719806100,A4100209,17.2,98.17,0.0,2.71,17.3,0.0,17.1,0.0,17.3,22.5,1.4,0.17,1.79,320.7,0.74
1719806400,A4100209,17.2,98.17,0.0,2.47,17.5,0.0,17.2,0.0,17.3,18.3,1.4,0.18,1.786,312.8,0.91
1719806700,A4100209,17.3,98.17,0.0,2.36,17.4,0.0,17.2,0.0,17.3,13.0,1.4,0.19,1.782,7.1,0.87
1719807000,A4100209,17.2,98.16,0.0,3.08,17.3,0.0,17.2,0.0,17.3,18.8,1.4,0.19,1.778,291.1,1.05
1719807300,A4100209,17.2,98.15,0.0,2.51,17.3,0.0,17.2,0.0,17.4,24.7,1.3,0.19,1.775,309.2,1.0
1719807600,A4100209,17.2,98.15,0.0,2.68,17.4,0.0,17.2,0.0,17.4,29.4,1.4,0.2,1.769,6.6,0.92
1719807900,A4100209,17.2,98.17,0.0,1.92,17.3,0.0,17.1,0.0,17.4,33.2,1.3,0.2,1.765,295.1,0.72
1719808200,A4100209,17.2,98.18,0.0,2.91,17.4,0.0,17.1,0.0,17.4,38.3,1.4,0.2,1.764,300.4,0.99
1719808500,A4100209,17.2,98.18,0.0,3.71,17.2,0.0,17.1,0.0,17.5,48.4,1.4,0.2,1.76,314.2,1.13
1719808800,A4100209,17.2,98.18,0.0,3.27,17.3,0.0,17.1,0.0,17.5,47.9,1.4,0.2,1.756,304.4,1.07
1719809100,A4100209,17.2,98.17,0.0,2.54,17.3,0.0,17.1,0.0,17.5,58.4,1.4,0.2,1.756,300.0,1.12
1719809400,A4100209,17.2,98.17,0.0,1.86,17.3,0.0,17.1,0.0,17.6,73.7,1.4,0.2,1.756,296.9,0.89
1719809700,A4100209,17.2,98.17,0.0,3.31,17.7,0.0,17.1,0.0,17.6,89.4,1.4,0.2,1.759,0.2,0.95
1719810000,A4100209,17.3,98.18,0.0,2.43,17.4,0.0,17.2,0.0,17.7,69.1,1.4,0.21,1.763,288.9,0.95
1719810300,A4100209,17.4,98.18,0.0,2.53,17.5,0.0,17.2,0.0,17.8,56.3,1.4,0.21,1.766,292.3,0.94
1719810600,A4100209,17.4,98.19,0.0,2.43,17.6,0.0,17.3,0.0,17.8,52.1,1.4,0.22,1.761,298.8,0.81
1719810900,A4100209,17.4,98.18,0.0,2.02,17.5,0.0,17.3,0.0,17.8,61.8,1.4,0.22,1.763,293.7,0.78
1719811200,A4100209,17.4,98.17,0.0,2.45,17.5,0.0,17.2,0.0,17.8,74.3,1.3,0.22,1.764,295.2,0.98
1719811500,A4100209,17.4,98.16,0.0,2.74,17.5,0.0,17.3,0.0,18.0,140.7,1.4,0.22,1.771,315.5,0.95
1719811800,A4100209,17.5,98.15,0.0,2.21,17.6,0.0,17.2,0.0,18.2,179.8,1.4,0.21,1.789,323.0,0.76
1719812100,A4100209,17.7,98.13,0.0,2.0,18.0,0.0,17.4,0.0,18.5,187.9,1.3,0.22,1.806,354.2,0.76
1719812400,A4100209,17.8,98.11,0.0,1.88,18.2,0.0,17.5,0.0,18.8,216.0,1.4,0.22,1.817,349.4,0.73
1719812700,A4100209,18.1,98.14,0.0,2.58,18.4,0.0,17.8,0.0,19.0,158.3,1.3,0.25,1.824,345.6,0.78
1719813000,A4100209,18.2,98.14,0.0,1.92,18.4,0.0,18.0,0.0,19.1,126.8,1.4,0.26,1.825,352.1,0.79
1719813300,A4100209,18.2,98.15,0.0,1.99,18.3,0.0,18.0,0.0,19.2,105.0,1.3,0.27,1.816,321.3,0.93
1719813600,A4100209,18.0,98.16,0.0,2.94,18.2,0.0,17.9,0.0,19.2,93.5,1.3,0.27,1.798,319.6,1.08
1719813900,A4100209,18.0,98.17,0.0,2.09,18.2,0.0,17.9,0.0,19.1,108.7,1.3,0.27,1.796,329.1,0.87
1719814200,A4100209,18.0,98.17,0.0,2.22,18.2,0.0,17.7,0.0,19.1,133.2,1.3,0.26,1.803,355.4,0.76
1719814500,A4100209,18.0,98.17,0.0,2.43,18.3,0.0,17.7,0.0,19.2,169.7,1.3,0.25,1.807,4.8,0.87
1719814800,A4100209,18.1,98.17,0.0,2.21,18.4,0.0,17.9,0.0,19.2,144.0,1.3,0.27,1.809,345.0,0.81
1719815100,A4100209,18.1,98.18,0.0,2.35,18.3,0.0,17.9,0.0,19.2,108.4,1.4,0.28,1.799,339.8,0.94
1719815400,A4100209,18.1,98.18,0.0,2.29,18.3,0.0,17.9,0.0,19.2,128.0,1.3,0.27,1.8,341.1,0.77
1719815700,A4100209,18.1,98.19,0.0,2.69,18.4,0.0,17.9,0.0,19.2,115.4,1.3,0.27,1.798,317.5,0.92
1719816000,A4100209,18.0,98.19,0.0,2.7,18.2,0.0,17.9,0.0,19.2,97.9,1.4,0.28,1.786,320.5,1.19
1719816300,A4100209,18.0,98.19,0.0,2.78,18.1,0.0,17.8,0.0,19.1,103.1,1.4,0.28,1.775,320.5,1.1
1719816600,A4100209,18.0,98.19,0.0,3.57,18.3,0.0,17.8,0.0,19.0,97.4,1.3,0.29,1.77,357.5,1.12
1719816900,A4100209,18.0,98.19,0.0,2.41,18.1,0.0,17.9,0.0,19.0,81.9,1.4,0.3,1.762,323.2,1.01
1719817200,A4100209,18.0,98.19,0.0,3.76,18.1,0.0,17.8,0.0,18.9,92.5,1.4,0.3,1.755,315.1,1.24
1719817500,A4100209,18.0,98.2,0.0,4.32,18.2,0.0,17.8,0.0,18.9,70.3,1.4,0.31,1.751,341.1,1.12
1719817800,A4100209,18.0,98.2,0.0,2.52,18.2,0.0,17.9,0.0,18.8,61.4,1.3,0.31,1.749,342.3,0.83
1719818100,A4100209,18.0,98.2,0.0,2.77,18.2,0.0,17.8,0.0,18.8,65.1,1.4,0.31,1.748,358.1,0.97
1719818400,A4100209,17.9,98.19,0.0,2.53,18.0,0.0,17.8,0.0,18.8,113.2,1.4,0.3,1.751,344.5,0.92
1719818700,A4100209,18.0,98.18,0.0,2.98,18.2,0.0,17.8,0.0,18.8,136.5,1.4,0.31,1.755,359.2,0.89
1719819000,A4100209,18.1,98.19,0.0,1.94,18.4,0.0,17.9,0.0,18.9,116.1,1.4,0.32,1.764,356.5,0.76
1719819300,A4100209,18.2,98.19,0.0,2.43,18.5,0.0,18.1,0.0,18.9,97.1,1.4,0.33,1.767,22.6,0.85
1719819600,A4100209,18.2,98.19,0.0,3.12,18.4,0.0,18.0,0.0,19.0,100.8,1.4,0.33,1.757,21.3,1.14
1719819900,A4100209,18.1,98.17,0.0,3.61,18.4,0.0,18.0,0.0,19.1,149.6,1.3,0.33,1.747,32.5,1.21
1719820200,A4100209,18.2,98.17,0.0,2.36,18.4,0.0,18.0,0.0,19.2,166.5,1.4,0.34,1.75,23.7,0.87
1719820500,A4100209,18.3,98.18,0.0,2.57,18.6,0.0,18.0,0.0,19.3,123.7,1.4,0.34,1.755,35.5,0.77
1719820800,A4100209,18.3,98.17,0.0,2.25,18.5,0.0,18.1,0.0,19.4,163.1,1.3,0.33,1.765,40.3,0.69
1719821100,A4100209,18.4,98.17,0.0,1.76,18.7,0.0,18.2,0.0,19.5,161.1,1.4,0.34,1.776,315.8,0.51
1719821400,A4100209,18.5,98.14,0.0,2.33,19.7,0.0,18.0,0.0,19.8,315.5,1.3,0.35,1.781,304.6,0.7
1719821700,A4100209,19.9,98.03,0.0,2.42,21.4,0.0,18.7,0.0,20.9,901.8,1.3,0.47,1.854,351.3,0.89
1719822000,A4100209,19.8,98.08,0.0,2.47,21.0,0.0,19.0,0.0,21.6,590.6,1.4,0.43,1.881,42.8,0.84
1719822300,A4100209,20.1,98.08,0.0,3.56,21.4,0.0,19.3,0.0,22.3,608.0,1.3,0.46,1.888,47.8,1.17
1719822600,A4100209,20.2,98.09,0.0,4.32,21.3,0.0,19.4,0.0,22.7,534.7,1.3,0.49,1.877,337.4,1.39
1719822900,A4100209,19.7,98.1,0.0,3.78,20.4,0.0,19.0,0.0,22.9,395.7,1.3,0.45,1.848,59.6,1.37
1719823200,A4100209,19.9,98.12,0.0,2.81,20.7,0.0,19.1,0.0,22.9,281.5,1.3,0.49,1.832,67.7,1.14
1719823500,A4100209,20.1,98.12,0.0,2.85,20.8,0.0,19.4,0.0,22.9,331.5,1.3,0.53,1.819,11.8,1.08
1719823800,A4100209,19.9,98.11,0.0,3.18,20.4,0.0,19.5,0.0,22.9,403.3,1.3,0.54,1.778,46.6,1.31
1719824100,A4100209,20.9,98.07,0.0,2.7,21.8,0.0,20.0,0.0,23.4,767.3,1.3,0.66,1.807,20.2,1.19
1719824400,A4100209,21.3,98.09,0.0,3.31,22.6,0.0,20.5,0.0,23.6,519.0,1.3,0.7,1.834,334.6,1.0
1719824700,A4100209,20.8,98.14,0.0,2.0,21.6,0.0,20.1,0.0,23.7,254.0,1.3,0.65,1.81,330.5,0.85
1719825000,A4100209,20.8,98.11,0.0,2.82,21.2,0.0,20.2,0.0,23.8,336.0,1.3,0.66,1.793,313.5,1.08
1719825300,A4100209,20.6,98.11,0.0,3.08,21.4,0.0,20.0,0.0,23.7,282.6,1.3,0.69,1.741,26.5,1.06
1719825600,A4100209,20.7,98.12,0.0,2.27,21.4,0.0,20.2,0.0,23.6,288.9,1.3,0.7,1.729,26.0,0.9
1719825900,A4100209,20.4,98.13,0.0,4.17,21.0,0.0,19.9,0.0,23.6,250.2,1.3,0.7,1.702,55.9,1.53
1719826200,A4100209,20.6,98.1,0.0,2.6,21.1,0.0,20.0,0.0,23.5,385.4,1.3,0.72,1.706,335.4,1.24
1719826500,A4100209,21.0,98.08,0.0,3.92,21.7,0.0,20.5,0.0,23.7,626.1,1.3,0.75,1.728,338.6,1.42
1719826800,A4100209,21.4,98.07,0.0,3.9,22.1,0.0,20.7,0.0,24.1,787.4,1.3,0.81,1.731,13.7,1.37
1719827100,A4100209,21.7,98.08,0.0,2.73,22.9,0.0,20.7,0.0,24.3,687.3,1.3,0.85,1.738,26.4,0.97
1719827400,A4100209,22.3,98.07,0.0,2.14,23.4,0.0,21.4,0.0,24.7,708.1,1.3,0.91,1.776,16.0,0.59
1719827700,A4100209,22.0,98.07,0.0,1.66,23.1,0.0,20.7,0.0,25.1,631.8,1.3,0.87,1.782,6.2,0.68
1719828000,A4100209,22.8,98.02,0.0,2.59,24.1,0.0,21.5,0.0,25.7,1054.1,1.3,0.97,1.802,31.1,0.89
1719828300,A4100209,22.9,98.04,0.0,2.33,24.2,0.0,21.7,0.0,26.0,599.0,1.3,0.99,1.803,346.2,0.72
1719828600,A4100209,22.4,98.04,0.0,2.76,24.3,0.0,21.6,0.0,26.3,692.5,1.3,0.93,1.776,25.6,0.97
1719828900,A4100209,22.4,98.03,0.0,3.27,24.0,0.0,21.3,0.0,26.4,698.1,1.3,0.96,1.758,52.1,1.2
1719829200,A4100209,22.4,98.03,0.0,2.57,24.0,0.0,21.1,0.0,26.5,663.4,1.3,0.96,1.751,53.0,1.12
1719829500,A4100209,22.2,98.04,0.0,2.84,23.3,0.0,21.2,0.0,26.4,531.4,1.3,0.94,1.73,48.0,1.21
1719829800,A4100209,22.7,98.04,0.0,2.43,23.8,0.0,21.5,0.0,26.3,586.8,1.3,1.01,1.739,290.8,0.87
1719830100,A4100209,23.0,98.04,0.0,2.68,24.8,0.0,21.7,0.0,26.5,694.5,1.3,1.06,1.755,52.4,1.06
1719830400,A4100209,22.3,98.06,0.0,3.69,23.1,0.0,21.5,0.0,26.4,387.7,1.3,0.97,1.724,64.7,1.11
1719830700,A4100209,21.7,98.07,0.0,5.04,23.0,0.0,21.0,0.0,26.1,263.8,1.3,0.89,1.708,70.7,1.83
1719831000,A4100209,21.8,98.07,0.0,1.81,22.4,0.0,21.2,0.0,25.7,276.1,1.3,0.92,1.695,62.3,0.75
1719831300,A4100209,22.1,98.06,0.0,2.41,22.6,0.0,21.1,0.0,25.5,292.8,1.3,0.95,1.712,56.7,0.67
1719831600,A4100209,21.9,98.05,0.0,3.0,22.6,0.0,21.2,0.0,25.4,302.4,1.3,0.95,1.669,46.6,1.1
1719831900,A4100209,21.4,98.03,0.0,3.64,22.3,0.0,20.8,0.0,25.3,357.4,1.3,0.89,1.654,72.0,1.0
1719832200,A4100209,21.4,98.01,0.0,3.94,22.3,0.0,20.7,0.0,25.2,406.6,1.3,0.88,1.665,88.2,1.24
1719832500,A4100209,21.8,98.02,0.0,2.46,22.8,0.0,20.7,0.0,25.1,413.1,1.3,0.95,1.658,61.7,0.95
1719832800,A4100209,22.5,97.99,0.0,1.14,24.0,0.0,20.8,0.0,25.3,701.9,1.3,1.05,1.681,317.5,0.45
1719833100,A4100209,23.6,97.97,0.0,1.4,25.4,0.0,22.3,0.0,25.9,930.9,1.3,1.19,1.722,336.5,0.52
1719833400,A4100209,23.6,98.0,0.0,1.94,25.2,0.0,22.2,0.0,26.3,624.0,1.3,1.17,1.74,297.2,0.66
1719833700,A4100209,23.5,98.03,0.0,1.83,24.4,0.0,22.7,0.0,26.6,292.9,1.3,1.15,1.745,324.1,0.73
1719834000,A4100209,22.8,98.04,0.0,3.04,23.7,0.0,21.8,0.0,26.5,249.0,1.3,1.09,1.695,53.0,1.02
1719834300,A4100209,22.6,98.03,0.0,2.68,23.1,0.0,22.2,0.0,26.3,245.4,1.3,1.08,1.666,50.9,0.96
1719834600,A4100209,22.8,98.03,0.0,2.28,23.7,0.0,21.6,0.0,26.1,291.7,1.3,1.1,1.687,41.5,0.59
1719834900,A4100209,22.6,98.04,0.0,2.13,23.4,0.0,21.6,0.0,25.8,216.5,1.3,1.06,1.675,269.9,0.97
1719835200,A4100209,22.8,98.03,0.0,1.69,23.4,0.0,22.0,0.0,25.7,271.1,1.3,1.09,1.675,16.9,0.74
1719835500,A4100209,22.2,98.02,0.0,2.61,22.9,0.0,21.5,0.0,25.6,287.8,1.3,1.01,1.659,88.2,1.01
1719835800,A4100209,22.2,98.02,0.0,2.21,22.9,0.0,21.5,0.0,25.4,220.5,1.3,1.03,1.647,76.4,0.88
1719836100,A4100209,22.4,98.03,0.0,2.53,22.9,0.0,22.1,0.0,25.2,226.0,1.3,1.08,1.634,45.2,0.82
1719836400,A4100209,22.4,98.04,0.0,2.2,22.9,0.0,21.8,0.0,25.1,165.7,1.3,1.08,1.621,51.0,0.78
1719836700,A4100209,22.4,98.05,0.0,1.69,22.7,0.0,22.0,0.0,24.8,127.3,1.3,1.1,1.61,352.5,0.69
1719837000,A4100209,22.3,98.04,0.0,1.59,22.7,0.0,22.0,0.0,24.6,187.4,1.3,1.08,1.614,303.1,0.58
1719837300,A4100209,22.3,98.04,0.0,1.44,22.7,0.0,21.7,0.0,24.5,149.1,1.3,1.08,1.613,2.3,0.64
1719837600,A4100209,22.2,98.01,0.0,2.3,22.6,0.0,21.7,0.0,24.6,255.6,1.3,1.05,1.621,334.0,0.64
1719837900,A4100209,22.3,97.99,0.0,3.39,22.9,0.0,21.7,0.0,24.6,339.3,1.3,1.05,1.637,5.0,0.64
1719838200,A4100209,22.9,97.96,0.0,2.02,23.8,0.0,22.2,0.0,25.0,440.2,1.3,1.12,1.671,301.6,0.75
1719838500,A4100209,22.7,97.97,0.0,2.58,23.3,0.0,22.1,0.0,25.3,379.6,1.3,1.08,1.677,56.8,1.08
1719838800,A4100209,22.7,98.0,0.0,2.47,23.2,0.0,22.1,0.0,25.3,238.7,1.3,1.11,1.639,39.6,0.91
1719839100,A4100209,22.6,97.98,0.0,3.14,23.2,0.0,22.1,0.0,25.3,328.9,1.3,1.1,1.644,29.3,0.89
1719839400,A4100209,22.5,97.96,0.0,2.74,23.0,0.0,22.0,0.0,25.4,391.9,1.3,1.09,1.633,44.9,1.2
1719839700,A4100209,22.4,97.95,0.0,3.73,23.0,0.0,21.9,0.0,25.4,377.9,1.3,1.08,1.627,76.5,1.47
1719840000,A4100209,22.5,97.97,0.0,2.99,23.1,0.0,22.0,0.0,25.3,283.3,1.3,1.11,1.612,50.3,1.08
1719840300,A4100209,22.6,97.96,0.0,2.61,23.2,0.0,22.2,0.0,25.2,241.3,1.3,1.15,1.598,46.6,0.78
1719840600,A4100209,22.8,97.97,0.0,1.93,23.1,0.0,22.5,0.0,25.2,229.6,1.3,1.16,1.609,35.4,0.72
1719840900,A4100209,22.8,97.96,0.0,2.21,23.2,0.0,22.4,0.0,25.2,280.9,1.3,1.15,1.627,332.4,0.68
1719841200,A4100209,22.7,97.95,0.0,2.51,23.1,0.0,22.4,0.0,25.3,307.4,1.3,1.12,1.628,326.6,0.83
1719841500,A4100209,22.7,97.95,0.0,3.07,23.1,0.0,22.2,0.0,25.3,314.9,1.3,1.12,1.637,51.9,0.95
1719841800,A4100209,22.7,97.96,0.0,1.91,23.2,0.0,22.3,0.0,25.3,312.3,1.3,1.11,1.644,50.7,1.05
1719842100,A4100209,22.4,97.97,0.0,2.67,22.8,0.0,22.0,0.0,25.2,287.7,1.3,1.08,1.623,53.2,1.13
1719842400,A4100209,22.4,97.96,0.0,2.08,22.8,0.0,22.0,0.0,25.1,285.3,1.3,1.09,1.611,34.1,0.81
1719842700,A4100209,22.4,97.97,0.0,3.0,22.9,0.0,21.9,0.0,25.1,284.0,1.3,1.08,1.632,60.9,0.84
1719843000,A4100209,22.5,97.97,0.0,3.67,23.2,0.0,22.0,0.0,25.0,274.7,1.3,1.1,1.63,15.1,1.2
1719843300,A4100209,22.4,97.98,0.0,2.87,22.7,0.0,21.9,0.0,24.9,265.5,1.3,1.08,1.627,9.7,0.97
1719843600,A4100209,22.3,97.97,0.0,3.28,22.6,0.0,21.9,0.0,24.8,242.4,1.3,1.08,1.613,9.7,0.99
1719843900,A4100209,22.4,97.97,0.0,2.61,22.7,0.0,22.1,0.0,24.7,225.9,1.3,1.08,1.627,298.6,1.07
1719844200,A4100209,22.3,97.97,0.0,2.46,22.7,0.0,21.9,0.0,24.6,217.3,1.3,1.07,1.626,352.1,1.02
1719844500,A4100209,22.3,97.96,0.0,1.79,22.7,0.0,21.9,0.0,24.5,210.6,1.3,1.06,1.634,34.6,0.59
1719844800,A4100209,22.4,97.95,0.0,1.82,22.9,0.0,22.0,0.0,24.4,205.3,1.3,1.07,1.634,337.1,0.54
1719845100,A4100209,22.3,97.95,0.0,1.93,22.6,0.0,22.1,0.0,24.4,213.5,1.3,1.06,1.636,296.0,0.87
1719845400,A4100209,22.1,97.95,0.0,1.88,22.5,0.0,21.8,0.0,24.4,244.8,1.3,1.03,1.629,336.5,0.59
1719845700,A4100209,22.4,97.94,0.0,2.85,22.7,0.0,22.0,0.0,24.3,244.0,1.3,1.07,1.638,330.0,0.75
1719846000,A4100209,22.4,97.94,0.0,1.52,22.8,0.0,22.0,0.0,24.4,213.4,1.3,1.08,1.636,345.0,0.52
1719846300,A4100209,22.4,97.94,0.0,1.78,22.9,0.0,22.0,0.0,24.4,207.4,1.3,1.07,1.65,8.8,0.59
1719846600,A4100209,22.2,97.94,0.0,2.74,22.7,0.0,21.9,0.0,24.3,199.9,1.3,1.07,1.609,44.2,1.12
1719846900,A4100209,22.1,97.94,0.0,3.1,22.4,0.0,21.8,0.0,24.2,175.7,1.3,1.08,1.586,21.7,0.81
1719847200,A4100209,22.2,97.94,0.0,1.76,22.5,0.0,21.9,0.0,24.1,165.0,1.3,1.08,1.587,6.4,0.64
1719847500,A4100209,22.1,97.94,0.0,3.44,22.3,0.0,21.8,0.0,24.0,175.9,1.3,1.06,1.59,5.9,0.59
1719847800,A4100209,22.1,97.94,0.0,2.11,22.4,0.0,21.8,0.0,23.9,170.2,1.3,1.05,1.604,30.3,0.58
1719848100,A4100209,22.0,97.94,0.0,3.05,22.4,0.0,21.8,0.0,23.8,161.5,1.3,1.04,1.597,31.5,0.98
1719848400,A4100209,22.0,97.94,0.0,1.52,22.3,0.0,21.8,0.0,23.7,151.5,1.3,1.04,1.6,6.6,0.64
1719848700,A4100209,22.0,97.94,0.0,2.4,22.3,0.0,21.7,0.0,23.6,136.5,1.3,1.04,1.599,339.9,0.91
1719849000,A4100209,21.9,97.94,0.0,2.15,22.1,0.0,21.7,0.0,23.5,125.4,1.3,1.03,1.597,27.7,0.88
1719849300,A4100209,21.8,97.95,0.0,2.11,22.0,0.0,21.6,0.0,23.3,116.1,1.3,1.01,1.599,341.7,0.76
1719849600,A4100209,21.7,97.95,0.0,2.27,22.0,0.0,21.6,0.0,23.2,107.4,1.3,0.99,1.608,321.5,0.84
1719849900,A4100209,21.6,97.96,0.0,3.07,21.8,0.0,21.5,0.0,23.0,101.1,1.3,0.98,1.606,5.6,1.12
1719850200,A4100209,21.6,97.95,0.0,2.76,21.9,0.0,21.4,0.0,22.9,98.0,1.3,0.98,1.598,26.5,1.06
1719850500,A4100209,21.6,97.95,0.0,3.07,21.8,0.0,21.4,0.0,22.7,91.2,1.3,0.97,1.606,40.8,0.64
1719850800,A4100209,21.5,97.94,0.0,1.88,21.7,0.0,21.4,0.0,22.6,85.0,1.3,0.95,1.619,0.8,0.67
1719851100,A4100209,21.5,97.94,0.0,1.93,21.7,0.0,21.4,0.0,22.5,85.2,1.3,0.94,1.622,16.9,0.59
1719851400,A4100209,21.4,97.94,0.0,2.11,21.6,0.0,21.3,0.0,22.4,82.7,1.3,0.93,1.618,29.2,0.82
1719851700,A4100209,21.4,97.95,0.0,2.23,21.5,0.0,21.2,0.0,22.3,76.1,1.3,0.93,1.612,359.2,0.83
1719852000,A4100209,21.3,97.95,0.0,2.52,21.5,0.0,21.2,0.0,22.2,69.9,1.3,0.93,1.601,359.5,0.89
1719852300,A4100209,21.2,97.95,0.0,4.13,21.3,0.0,21.1,0.0,22.1,66.9,1.3,0.92,1.598,9.2,1.04
1719852600,A4100209,21.2,97.95,0.0,3.11,21.4,0.0,21.0,0.0,22.0,65.3,1.3,0.92,1.592,11.6,1.16
1719852900,A4100209,21.1,97.95,0.0,3.14,21.2,0.0,21.0,0.0,21.9,64.3,1.3,0.92,1.587,330.7,0.84
1719853200,A4100209,21.1,97.94,0.0,1.74,21.2,0.0,21.0,0.0,21.8,62.1,1.3,0.91,1.585,3.2,0.7
1719853500,A4100209,21.0,97.93,0.0,3.47,21.2,0.0,20.9,0.0,21.8,58.9,1.3,0.91,1.583,16.9,1.17
1719853800,A4100209,21.0,97.93,0.0,1.55,21.1,0.0,20.8,0.0,21.7,56.4,1.3,0.9,1.583,323.5,0.61
1719854100,A4100209,20.9,97.93,0.0,1.6,21.0,0.0,20.8,0.0,21.6,53.0,1.3,0.88,1.586,11.8,0.45
1719854400,A4100209,20.9,97.93,0.0,3.01,21.1,0.0,20.8,0.0,21.5,52.3,1.3,0.89,1.582,23.1,0.94
1719854700,A4100209,20.8,97.94,0.0,1.89,20.9,0.0,20.7,0.0,21.4,55.5,1.3,0.87,1.584,332.0,0.5
1719855000,A4100209,20.8,97.94,0.0,2.35,20.9,0.0,20.7,0.0,21.4,55.1,1.3,0.87,1.586,354.2,0.73
1719855300,A4100209,20.8,97.95,0.0,2.19,20.8,0.0,20.7,0.0,21.3,49.6,1.3,0.86,1.586,12.5,0.85
1719855600,A4100209,20.7,97.94,0.0,2.55,20.8,0.0,20.6,0.0,21.2,44.9,1.3,0.86,1.583,30.6,0.88
1719855900,A4100209,20.7,97.94,0.0,2.69,21.0,0.0,20.6,0.0,21.2,41.7,1.3,0.86,1.581,19.0,0.89
1719856200,A4100209,20.7,97.94,0.0,1.08,20.8,0.0,20.6,0.0,21.1,40.4,1.3,0.85,1.588,7.4,0.59
1719856500,A4100209,20.6,97.94,0.0,1.53,20.8,0.0,20.6,0.0,21.0,37.0,1.4,0.84,1.586,22.3,0.75
1719856800,A4100209,20.6,97.95,0.0,1.37,20.7,0.0,20.5,0.0,21.0,32.9,1.3,0.85,1.582,18.5,0.69
1719857100,A4100209,20.6,97.95,0.0,2.0,20.7,0.0,20.5,0.0,20.9,30.9,1.3,0.84,1.581,29.3,0.82
1719857400,A4100209,20.5,97.96,0.0,1.66,20.8,0.0,20.4,0.0,20.8,29.5,1.3,0.84,1.576,31.8,0.65
1719857700,A4100209,20.4,97.96,0.0,1.46,20.5,0.0,20.4,0.0,20.8,26.6,1.3,0.82,1.583,35.0,0.65
1719858000,A4100209,20.4,97.97,0.0,1.42,20.4,0.0,20.2,0.0,20.7,23.5,1.3,0.8,1.592,41.2,0.66
1719858300,A4100209,20.3,97.97,0.0,1.53,20.4,0.0,20.2,0.0,20.6,22.5,1.3,0.78,1.594,50.4,0.8
1719858600,A4100209,20.2,97.97,0.0,1.59,20.3,0.0,20.1,0.0,20.5,23.2,1.3,0.77,1.594,59.4,0.76
1719858900,A4100209,20.0,97.97,0.0,1.23,20.2,0.0,19.8,0.0,20.4,18.7,1.3,0.75,1.593,85.3,0.6
1719859200,A4100209,20.0,97.97,0.0,1.8,20.2,0.0,19.8,0.0,20.3,12.3,1.3,0.74,1.595,64.5,0.48
1719859500,A4100209,20.0,97.98,0.0,0.58,20.0,0.0,19.9,0.0,20.2,9.1,1.4,0.73,1.602,288.9,0.18
1719859800,A4100209,19.8,97.98,0.0,0.62,20.0,0.0,19.5,0.0,20.1,7.4,1.4,0.7,1.607,88.5,0.25
1719860100,A4100209,19.8,98.0,0.0,1.04,19.9,0.0,19.7,0.0,20.0,0.5,1.3,0.69,1.61,44.7,0.41
1719860400,A4100209,19.7,98.01,0.0,0.77,19.8,0.0,19.6,0.0,19.9,0.0,1.3,0.67,1.618,40.8,0.35
1719860700,A4100209,19.5,98.02,0.0,0.91,19.6,0.0,19.3,0.0,19.8,0.0,1.4,0.64,1.626,65.2,0.43
1719861000,A4100209,19.3,98.02,0.0,0.91,19.5,0.0,19.1,0.0,19.7,0.0,1.3,0.62,1.623,89.4,0.54
1719861300,A4100209,19.0,98.02,0.0,1.15,19.4,0.0,18.8,0.0,19.5,0.0,1.4,0.59,1.611,97.3,0.53
1719861600,A4100209,18.9,98.03,0.0,0.83,19.1,0.0,18.7,0.0,19.4,0.0,1.3,0.56,1.623,108.0,0.38
1719861900,A4100209,18.8,98.02,0.0,0.58,19.0,0.0,18.7,0.0,19.2,0.0,1.4,0.55,1.625,236.7,0.27
1719862200,A4100209,18.8,98.03,0.0,0.97,18.9,0.0,18.7,0.0,19.1,0.0,1.3,0.54,1.621,117.0,0.41
1719862500,A4100209,18.6,98.04,0.0,0.96,18.7,0.0,18.4,0.0,19.0,0.0,1.4,0.51,1.628,106.4,0.49
1719862800,A4100209,18.4,98.04,0.0,0.53,18.6,0.0,18.3,0.0,18.9,0.0,1.4,0.48,1.636,245.5,0.27
1719863100,A4100209,18.5,98.05,0.0,0.51,18.6,0.0,18.4,0.0,18.7,0.0,1.4,0.49,1.634,67.6,0.23
1719863400,A4100209,18.4,98.06,0.0,0.55,18.6,0.0,18.2,0.0,18.6,0.0,1.4,0.48,1.638,261.9,0.31
1719863700,A4100209,18.8,98.09,0.0,4.41,19.2,1.2,18.5,0.017,18.6,0.0,1.3,0.53,1.631,88.1,1.58
1719864000,A4100209,18.5,98.11,0.032,4.18,18.9,13.2,18.0,0.766,18.6,0.0,1.4,0.49,1.636,71.6,1.13
1719864300,A4100209,17.5,98.11,0.017,3.72,18.0,14.4,16.9,0.698,18.3,0.0,1.4,0.35,1.647,47.2,1.36
1719864600,A4100209,17.0,98.1,0.01,2.3,17.2,22.2,16.6,0.868,18.0,0.0,1.4,0.27,1.665,326.2,0.62
1719864900,A4100209,16.8,98.1,0.009,1.56,16.9,3.0,16.6,0.17,17.7,0.0,1.4,0.22,1.681,307.5,0.62
1719865200,A4100209,16.7,98.1,0.0,0.87,16.9,1.8,16.6,0.085,17.4,0.0,1.4,0.21,1.697,305.3,0.36
1719865500,A4100209,16.7,98.1,0.0,1.43,16.8,1.2,16.4,0.017,17.2,0.0,1.4,0.2,1.696,104.5,0.39
1719865800,A4100209,16.5,98.1,0.0,1.81,16.7,0.0,16.4,0.0,17.0,0.0,1.4,0.18,1.699,206.5,0.36
1719866100,A4100209,16.5,98.1,0.0,0.72,16.6,0.0,16.4,0.0,16.9,0.0,1.4,0.17,1.701,307.5,0.15
1719866400,A4100209,16.5,98.1,0.0,0.54,16.6,0.0,16.4,0.0,16.8,0.0,1.4,0.17,1.705,300.4,0.2
1719866700,A4100209,16.4,98.11,0.0,1.12,16.5,0.0,16.3,0.0,16.7,0.0,1.3,0.15,1.712,91.1,0.64
1719867000,A4100209,16.3,98.1,0.0,1.27,16.4,0.0,16.2,0.0,16.6,0.0,1.4,0.15,1.709,93.4,0.64
1719867300,A4100209,16.3,98.1,0.0,0.82,16.4,0.0,16.2,0.0,16.5,0.0,1.4,0.14,1.714,90.3,0.28
1719867600,A4100209,16.2,98.1,0.0,0.97,16.3,0.0,16.2,0.0,16.4,0.0,1.4,0.13,1.713,191.3,0.32
1719867900,A4100209,16.2,98.1,0.0,0.6,16.3,0.0,16.1,0.0,16.4,0.0,1.4,0.12,1.717,289.5,0.16
1719868200,A4100209,16.1,98.1,0.0,0.67,16.2,0.0,16.0,0.0,16.3,0.0,1.4,0.12,1.714,282.2,0.34
1719868500,A4100209,16.2,98.1,0.0,0.51,16.2,0.0,16.1,0.0,16.2,0.0,1.4,0.13,1.706,259.4,0.18
1719868800,A4100209,16.1,98.11,0.0,0.92,16.2,0.0,16.0,0.0,16.2,0.0,1.4,0.12,1.708,108.6,0.35
1719869100,A4100209,16.1,98.11,0.0,0.84,16.2,0.0,16.0,0.0,16.1,0.0,1.4,0.11,1.716,93.4,0.48
1719869400,A4100209,16.1,98.11,0.0,0.63,16.2,0.0,16.0,0.0,16.1,0.0,1.3,0.11,1.717,241.1,0.23
1719869700,A4100209,16.1,98.11,0.0,0.49,16.2,0.0,16.1,0.0,16.1,0.0,1.4,0.11,1.718,173.8,0.2
1719870000,A4100209,16.2,98.11,0.0,0.62,16.3,0.0,16.1,0.0,16.0,0.0,1.4,0.12,1.721,118.5,0.3
1719870300,A4100209,16.2,98.13,0.0,0.66,16.3,0.0,16.1,0.0,16.0,0.0,1.4,0.12,1.724,311.1,0.24
1719870600,A4100209,16.3,98.14,0.0,1.18,16.4,0.0,16.2,0.0,16.0,0.0,1.4,0.12,1.73,277.6,0.46
1719870900,A4100209,16.3,98.14,0.0,0.84,16.4,1.2,16.2,0.017,16.1,0.0,1.4,0.11,1.735,275.3,0.4
1719871200,A4100209,16.3,98.14,0.0,1.56,16.4,0.0,16.2,0.0,16.1,0.0,1.4,0.11,1.737,293.2,0.58
1719871500,A4100209,16.3,98.14,0.0,1.75,16.4,0.0,16.2,0.0,16.1,0.0,1.4,0.11,1.738,304.4,0.49
1719871800,A4100209,16.3,98.14,0.0,1.43,16.4,0.0,16.2,0.0,16.2,0.0,1.4,0.11,1.74,299.1,0.51
1719872100,A4100209,16.2,98.15,0.0,1.24,16.4,0.0,16.2,0.0,16.2,0.0,1.4,0.11,1.738,293.6,0.38
1719872400,A4100209,16.3,98.15,0.0,0.99,16.3,0.0,16.2,0.0,16.2,0.0,1.4,0.11,1.735,273.1,0.4
1719872700,A4100209,16.3,98.15,0.0,0.99,16.4,0.0,16.2,0.0,16.2,0.0,1.4,0.12,1.731,286.1,0.44
1719873000,A4100209,16.3,98.15,0.0,1.26,16.4,0.0,16.2,0.0,16.2,0.0,1.4,0.13,1.728,278.7,0.56
1719873300,A4100209,16.3,98.16,0.0,0.98,16.4,0.0,16.2,0.0,16.2,0.0,1.4,0.12,1.729,278.3,0.59
1719873600,A4100209,16.3,98.15,0.0,1.08,16.4,0.0,16.3,0.0,16.2,0.0,1.4,0.13,1.729,278.5,0.69
1719873900,A4100209,16.3,98.15,0.0,1.14,16.3,0.0,16.2,0.0,16.2,0.0,1.4,0.12,1.726,282.8,0.51
1719874200,A4100209,16.3,98.14,0.0,1.19,16.4,0.0,16.2,0.0,16.2,0.0,1.4,0.13,1.727,283.6,0.56
1719874500,A4100209,16.3,98.14,0.0,0.91,16.4,0.0,16.2,0.0,16.2,0.0,1.4,0.13,1.726,280.0,0.34
1719874800,A4100209,16.4,98.14,0.0,0.86,16.5,0.0,16.3,0.0,16.2,0.0,1.3,0.13,1.726,275.6,0.4
1719875100,A4100209,16.3,98.14,0.0,0.46,16.4,0.0,16.2,0.0,16.3,0.0,1.4,0.11,1.735,264.6,0.26
1719875400,A4100209,16.2,98.15,0.0,0.83,16.3,0.0,16.1,0.0,16.2,0.0,1.4,0.1,1.735,266.6,0.34
1719875700,A4100209,16.1,98.14,0.0,0.91,16.2,0.0,16.0,0.0,16.2,0.0,1.4,0.09,1.735,279.3,0.3
1719876000,A4100209,16.2,98.14,0.0,1.17,16.3,0.0,16.1,0.0,16.2,0.0,1.4,0.11,1.726,278.7,0.52
1719876300,A4100209,16.1,98.14,0.0,1.27,16.2,0.0,16.0,0.0,16.1,0.0,1.4,0.11,1.721,311.6,0.4
1719876600,A4100209,16.0,98.14,0.0,1.68,16.2,0.0,15.9,0.0,16.1,0.0,1.4,0.11,1.708,342.9,0.42
1719876900,A4100209,15.9,98.14,0.0,1.32,16.0,0.0,15.8,0.0,16.0,0.0,1.4,0.1,1.702,319.6,0.58
1719877200,A4100209,16.0,98.14,0.0,1.64,16.2,0.0,15.9,0.0,15.9,0.0,1.4,0.13,1.685,303.5,0.57
1719877500,A4100209,16.0,98.14,0.0,1.29,16.1,0.0,15.9,0.0,15.9,0.0,1.4,0.15,1.671,310.6,0.49
1719877800,A4100209,15.9,98.14,0.0,1.95,16.1,0.0,15.8,0.0,15.8,0.0,1.4,0.16,1.653,313.5,0.58
1719878100,A4100209,15.9,98.14,0.0,2.06,16.0,0.0,15.8,0.0,15.8,0.0,1.4,0.17,1.636,320.8,0.66
1719878400,A4100209,15.9,98.15,0.0,1.3,16.0,0.0,15.7,0.0,15.7,0.0,1.4,0.18,1.623,313.3,0.49
1719878700,A4100209,15.7,98.15,0.0,1.39,15.9,0.0,15.6,0.0,15.7,0.0,1.4,0.17,1.612,324.5,0.48
1719879000,A4100209,15.7,98.15,0.0,1.59,15.8,0.0,15.6,0.0,15.6,0.0,1.4,0.18,1.597,331.1,0.73
1719879300,A4100209,15.5,98.16,0.0,1.5,15.6,0.0,15.4,0.0,15.6,0.0,1.4,0.18,1.587,314.5,0.87
1719879600,A4100209,15.5,98.16,0.0,2.48,15.7,0.0,15.4,0.0,15.5,0.0,1.4,0.19,1.575,351.0,0.77
1719879900,A4100209,15.3,98.15,0.0,0.89,15.4,0.0,15.2,0.0,15.4,0.0,1.4,0.17,1.568,333.2,0.55
1719880200,A4100209,15.2,98.15,0.0,1.05,15.3,0.0,15.1,0.0,15.3,0.0,1.4,0.16,1.563,324.4,0.51
1719880500,A4100209,15.0,98.15,0.0,0.86,15.1,0.0,15.0,0.0,15.2,0.0,1.4,0.14,1.567,288.5,0.48
1719880800,A4100209,15.0,98.16,0.0,0.89,15.1,0.0,14.9,0.0,15.1,0.0,1.4,0.14,1.564,273.3,0.46
1719881100,A4100209,15.0,98.16,0.0,1.35,15.2,0.0,14.9,0.0,15.1,0.0,1.4,0.15,1.562,319.4,0.57
1719881400,A4100209,15.1,98.16,0.0,1.62,15.2,0.0,15.0,0.0,15.0,0.0,1.4,0.16,1.558,311.2,0.55
1719881700,A4100209,15.2,98.16,0.0,1.58,15.3,0.0,14.9,0.0,15.0,0.0,1.4,0.17,1.554,304.5,0.73
1719882000,A4100209,15.1,98.16,0.0,1.5,15.3,0.0,15.0,0.0,15.0,0.0,1.4,0.17,1.551,308.8,0.61
1719882300,A4100209,15.2,98.17,0.0,2.07,15.3,0.0,15.1,0.0,15.0,0.0,1.4,0.18,1.548,331.9,0.78
1719882600,A4100209,15.2,98.17,0.0,2.19,15.2,0.0,15.1,0.0,15.0,0.0,1.4,0.18,1.547,310.1,0.66
1719882900,A4100209,15.2,98.17,0.0,1.7,15.2,0.0,15.1,0.0,15.0,0.0,1.4,0.18,1.542,344.0,0.55
1719883200,A4100209,15.1,98.18,0.0,1.65,15.3,0.0,15.0,0.0,15.0,0.0,1.4,0.18,1.537,339.7,0.52
1719883500,A4100209,15.2,98.18,0.0,2.28,15.3,0.0,15.1,0.0,15.0,0.0,1.4,0.19,1.532,8.9,0.82
1719883800,A4100209,15.1,98.18,0.0,1.79,15.2,0.0,15.0,0.0,15.0,0.0,1.4,0.18,1.53,318.5,0.61
1719884100,A4100209,15.0,98.18,0.0,1.61,15.1,0.0,15.0,0.0,15.0,0.0,1.4,0.18,1.532,316.1,0.51
1719884400,A4100209,15.0,98.18,0.0,1.76,15.2,0.0,14.9,0.0,14.9,0.0,1.4,0.19,1.523,17.0,0.6
1719884700,A4100209,15.0,98.17,0.0,1.84,15.1,0.0,14.9,0.0,14.9,0.0,1.4,0.18,1.52,305.1,0.77
1719885000,A4100209,15.0,98.18,0.0,1.7,15.1,0.0,14.8,0.0,14.8,0.0,1.4,0.18,1.518,310.1,0.86
1719885300,A4100209,14.9,98.19,0.0,1.85,15.0,0.0,14.8,0.0,14.8,0.0,1.4,0.18,1.522,309.6,0.79
1719885600,A4100209,14.9,98.19,0.0,1.48,14.9,0.0,14.8,0.0,14.8,0.0,1.4,0.16,1.525,320.7,0.58
1719885900,A4100209,14.9,98.2,0.0,1.36,15.0,0.0,14.8,0.0,14.8,0.0,1.4,0.16,1.527,311.5,0.53
1719886200,A4100209,14.9,98.2,0.0,1.68,14.9,0.0,14.8,0.0,14.8,0.0,1.4,0.16,1.526,315.9,0.71
1719886500,A4100209,14.9,98.19,0.0,1.86,15.0,0.0,14.8,0.0,14.7,0.0,1.4,0.17,1.521,317.6,0.75
1719886800,A4100209,14.9,98.2,0.0,1.81,15.0,0.0,14.8,0.0,14.7,0.0,1.4,0.17,1.518,343.1,0.51
1719887100,A4100209,14.8,98.2,0.0,1.85,15.0,0.0,14.8,0.0,14.7,0.0,1.4,0.17,1.519,14.5,0.7
1719887400,A4100209,14.9,98.2,0.0,1.54,15.2,0.0,14.8,0.0,14.7,0.0,1.4,0.17,1.517,26.7,0.67
1719887700,A4100209,14.8,98.21,0.0,1.3,15.2,0.0,14.6,0.0,14.7,0.0,1.4,0.17,1.513,30.2,0.52
1719888000,A4100209,14.7,98.2,0.0,1.15,14.9,0.0,14.6,0.0,14.6,0.0,1.4,0.16,1.513,16.2,0.58
1719888300,A4100209,14.6,98.21,0.0,1.14,14.8,0.0,14.4,0.0,14.5,0.0,1.4,0.15,1.509,28.5,0.45
1719888600,A4100209,14.4,98.21,0.0,0.67,14.6,0.0,14.3,0.0,14.4,0.0,1.4,0.14,1.506,74.8,0.34
1719888900,A4100209,14.3,98.22,0.0,1.57,14.6,0.0,14.1,0.0,14.3,0.0,1.4,0.13,1.5,90.5,0.94
1719889200,A4100209,14.4,98.22,0.0,1.84,14.5,0.0,14.3,0.0,14.2,0.0,1.4,0.14,1.491,83.8,0.85
1719889500,A4100209,14.2,98.22,0.0,1.55,14.4,0.0,14.1,0.0,14.2,0.0,1.4,0.13,1.492,87.2,0.87
1719889800,A4100209,14.1,98.22,0.0,0.75,14.3,0.0,14.1,0.0,14.1,0.0,1.4,0.12,1.49,121.2,0.33
1719890100,A4100209,14.1,98.22,0.0,1.06,14.3,0.0,14.0,0.0,14.1,0.0,1.4,0.12,1.49,264.0,0.47
1719890400,A4100209,14.0,98.22,0.0,1.51,14.2,0.0,13.8,0.0,14.0,7.9,1.4,0.11,1.488,101.4,0.74
1719890700,A4100209,14.0,98.22,0.0,1.43,14.1,0.0,13.8,0.0,14.0,12.6,1.4,0.11,1.484,98.2,0.92
1719891000,A4100209,13.8,98.22,0.0,0.71,14.0,0.0,13.7,0.0,13.9,15.5,1.4,0.1,1.476,255.0,0.35
1719891300,A4100209,13.7,98.21,0.0,0.74,13.8,0.0,13.7,0.0,13.8,16.4,1.4,0.1,1.471,247.7,0.18
1719891600,A4100209,13.8,98.21,0.0,0.87,13.9,0.0,13.7,0.0,13.8,19.3,1.4,0.11,1.466,257.9,0.33
1719891900,A4100209,13.8,98.2,0.0,1.02,13.9,0.0,13.6,0.0,13.7,20.4,1.4,0.11,1.462,269.6,0.43
1719892200,A4100209,13.9,98.19,0.0,1.16,14.2,0.0,13.6,0.0,13.6,23.1,1.4,0.12,1.46,326.0,0.36
1719892500,A4100209,14.2,98.14,0.0,1.49,14.6,0.0,13.9,0.0,13.8,52.7,1.4,0.15,1.465,6.4,0.39
1719892800,A4100209,14.6,98.1,0.0,1.58,14.8,0.0,14.5,0.0,14.4,81.4,1.4,0.17,1.493,273.7,0.81
1719893100,A4100209,14.8,98.09,0.0,2.7,15.0,0.0,14.6,0.0,14.9,90.1,1.4,0.17,1.507,295.6,0.94
1719893400,A4100209,14.9,98.09,0.0,0.94,15.1,0.0,14.6,0.0,15.4,95.9,1.4,0.16,1.527,342.7,0.41
1719893700,A4100209,14.6,98.15,0.0,1.56,15.0,0.0,14.3,0.0,15.6,53.7,1.4,0.14,1.521,23.8,0.64
1719894000,A4100209,14.4,98.19,0.0,1.26,14.6,0.0,14.3,0.0,15.4,26.7,1.4,0.15,1.49,326.4,0.61
1719894300,A4100209,14.4,98.19,0.0,2.06,14.5,0.0,14.3,0.0,15.1,30.6,1.4,0.17,1.465,320.1,0.63
1719894600,A4100209,14.3,98.19,0.0,1.07,14.4,0.0,14.1,0.0,14.9,31.5,1.4,0.18,1.447,334.9,0.42
1719894900,A4100209,14.4,98.11,0.0,1.15,14.8,0.0,14.2,0.0,15.1,103.6,1.4,0.18,1.459,344.2,0.44
1719895200,A4100209,14.7,98.12,0.0,2.12,14.9,0.0,14.6,0.0,15.6,100.2,1.4,0.19,1.481,310.9,0.67
1719895500,A4100209,14.8,98.11,0.0,2.2,15.1,0.0,14.6,0.0,15.8,117.3,1.4,0.2,1.486,315.3,0.77
1719895800,A4100209,15.3,98.06,0.0,2.2,15.8,0.0,15.0,0.0,16.5,178.5,1.4,0.23,1.513,323.2,0.77
1719896100,A4100209,15.6,98.08,0.0,1.95,16.0,0.0,15.2,0.0,17.2,172.3,1.4,0.23,1.54,318.6,0.46
1719896400,A4100209,15.8,98.06,0.0,3.33,16.4,0.0,15.4,0.0,17.9,196.0,1.4,0.25,1.545,322.8,0.6
1719896700,A4100209,16.2,98.1,0.0,1.12,16.6,0.0,15.6,0.0,18.4,151.3,1.4,0.28,1.555,294.3,0.46
1719897000,A4100209,15.7,98.16,0.0,1.32,16.1,0.0,15.5,0.0,18.2,100.7,1.4,0.26,1.523,281.1,0.58
1719897300,A4100209,15.8,98.16,0.0,0.77,16.4,0.0,15.3,0.0,18.1,133.5,1.4,0.27,1.521,252.8,0.29
1719897600,A4100209,16.2,98.05,0.0,1.35,17.0,0.0,15.6,0.0,18.6,282.6,1.4,0.32,1.521,281.8,0.62
1719897900,A4100209,16.9,98.05,0.0,1.51,17.3,0.0,16.2,0.0,19.3,291.7,1.4,0.39,1.534,289.6,0.75
1719898200,A4100209,17.0,98.04,0.0,2.07,17.4,0.0,16.4,0.0,20.0,292.6,1.4,0.39,1.554,289.7,1.13
1719898500,A4100209,17.3,98.04,0.0,1.91,18.0,0.0,16.9,0.0,20.6,293.4,1.4,0.4,1.568,305.8,0.95
1719898800,A4100209,17.7,98.09,0.0,1.9,18.3,0.0,17.2,0.0,20.8,229.9,1.4,0.45,1.573,322.8,0.65
1719899100,A4100209,17.3,98.18,0.0,2.11,18.1,0.0,16.9,0.0,20.5,108.9,1.4,0.43,1.538,312.1,0.82
1719899400,A4100209,16.7,98.13,0.0,2.98,17.6,0.0,16.0,0.0,20.3,185.2,1.4,0.39,1.511,279.8,1.14
1719899700,A4100209,17.2,98.04,0.0,2.1,18.2,0.0,16.4,0.0,20.6,359.1,1.4,0.42,1.537,309.8,0.96
1719900000,A4100209,17.5,98.09,0.0,1.95,18.1,0.0,17.2,0.0,20.9,286.8,1.4,0.45,1.551,311.6,0.93
1719900300,A4100209,17.2,98.15,0.0,2.56,17.8,0.0,16.9,0.0,20.6,233.6,1.4,0.47,1.492,347.9,1.19
1719900600,A4100209,17.4,98.15,0.0,1.5,17.9,0.0,16.9,0.0,20.4,270.1,1.3,0.51,1.481,7.4,0.59
1719900900,A4100209,17.3,98.17,0.0,3.77,17.8,0.0,16.8,0.0,20.3,254.3,1.4,0.5,1.469,32.5,1.37
1719901200,A4100209,17.0,98.18,0.0,4.2,17.5,0.0,16.6,0.0,20.0,245.0,1.3,0.5,1.439,34.8,1.41
1719901500,A4100209,16.7,98.18,0.0,3.78,17.0,0.0,16.3,0.0,19.8,243.3,1.3,0.47,1.428,40.3,1.7
1719901800,A4100209,16.8,98.19,0.0,3.12,17.3,0.0,16.3,0.0,19.4,220.2,1.4,0.46,1.443,26.5,1.08
1719902100,A4100209,16.8,98.2,0.0,2.63,17.2,0.0,16.1,0.0,19.3,229.5,1.4,0.45,1.458,9.5,0.87
1719902400,A4100209,16.8,98.18,0.0,2.59,17.2,0.0,16.3,0.0,19.2,250.3,1.4,0.45,1.458,30.6,0.95
1719902700,A4100209,16.9,98.18,0.0,2.11,17.5,0.0,16.4,0.0,19.2,255.2,1.4,0.46,1.466,18.1,0.81
1719903000,A4100209,16.6,98.18,0.0,2.96,17.3,0.0,16.3,0.0,19.3,264.3,1.4,0.43,1.461,40.5,1.39
1719903300,A4100209,16.7,98.18,0.0,5.03,17.3,0.0,16.3,0.0,19.3,278.4,1.4,0.44,1.462,36.0,1.07
1719903600,A4100209,16.6,98.17,0.0,4.11,17.3,0.0,16.2,0.0,19.3,304.2,1.4,0.43,1.45,51.8,1.63
1719903900,A4100209,16.6,98.16,0.0,3.96,16.8,0.0,16.3,0.0,19.3,327.0,1.4,0.43,1.452,47.9,1.95
1719904200,A4100209,16.7,98.17,0.0,4.41,17.3,0.0,16.4,0.0,19.2,310.2,1.3,0.44,1.462,31.9,1.0
1719904500,A4100209,17.0,98.18,0.0,4.14,17.4,0.0,16.5,0.0,19.3,279.9,1.3,0.46,1.472,35.6,1.29
1719904800,A4100209,16.7,98.19,0.0,4.21,17.1,0.0,16.5,0.0,19.3,283.7,1.4,0.46,1.447,40.3,1.41
1719905100,A4100209,16.9,98.18,0.0,2.79,17.4,0.0,16.5,0.0,19.3,308.8,1.4,0.48,1.451,35.0,1.2
1719905400,A4100209,17.1,98.18,0.0,3.21,17.8,0.0,16.4,0.0,19.4,330.0,1.4,0.49,1.459,42.6,1.03
1719905700,A4100209,17.1,98.18,0.0,2.56,17.8,0.0,16.7,0.0,19.5,331.8,1.4,0.5,1.456,38.8,1.08
1719906000,A4100209,17.0,98.17,0.0,4.13,17.7,0.0,16.4,0.0,19.6,355.2,1.4,0.49,1.448,47.6,1.96
1719906300,A4100209,17.2,98.17,0.0,3.15,17.7,0.0,16.7,0.0,19.7,391.0,1.4,0.52,1.442,39.3,1.47
1719906600,A4100209,17.5,98.15,0.0,4.15,18.2,0.0,16.9,0.0,19.9,430.9,1.4,0.53,1.461,31.5,1.16
1719906900,A4100209,17.5,98.13,0.0,3.83,18.3,0.0,16.9,0.0,20.2,474.2,1.4,0.54,1.463,5.3,1.25
1719907200,A4100209,17.9,98.12,0.0,4.07,18.4,0.0,17.4,0.0,20.5,480.9,1.4,0.56,1.498,292.1,1.18
1719907500,A4100209,17.9,98.12,0.0,4.36,18.7,0.0,17.4,0.0,20.8,459.2,1.4,0.54,1.512,27.9,1.27
1719907800,A4100209,18.0,98.12,0.0,4.21,18.7,0.0,17.3,0.0,20.9,479.4,1.4,0.59,1.465,51.6,1.31
1719908100,A4100209,18.4,98.12,0.0,2.89,18.9,0.0,17.7,0.0,21.1,484.4,1.4,0.64,1.469,320.6,0.94
1719908400,A4100209,18.4,98.11,0.0,3.35,19.2,0.0,17.8,0.0,21.4,491.7,1.3,0.62,1.496,314.9,1.01
1719908700,A4100209,18.5,98.12,0.0,3.43,19.1,0.0,17.9,0.0,21.6,434.6,1.3,0.64,1.491,338.6,1.06
1719909000,A4100209,18.3,98.12,0.0,4.15,18.7,0.0,17.6,0.0,21.7,449.7,1.4,0.63,1.475,352.9,1.23
1719909300,A4100209,18.4,98.11,0.0,5.8,19.4,0.0,17.8,0.0,21.8,475.1,1.3,0.65,1.467,48.3,0.91
1719909600,A4100209,18.4,98.1,0.0,5.33,19.7,0.0,17.6,0.0,21.9,514.0,1.3,0.66,1.461,77.0,1.62
1719909900,A4100209,18.6,98.1,0.0,6.06,19.3,0.0,17.5,0.0,21.9,497.6,1.4,0.72,1.41,68.9,2.02
1719910200,A4100209,18.7,98.11,0.0,2.57,19.5,0.0,18.2,0.0,21.9,462.0,1.3,0.74,1.421,31.8,1.05
1719910500,A4100209,18.4,98.1,0.0,4.88,19.1,0.0,17.7,0.0,21.9,522.6,1.4,0.76,1.361,62.9,2.22
1719910800,A4100209,18.8,98.1,0.0,3.54,19.6,0.0,18.1,0.0,21.9,563.0,1.4,0.82,1.339,58.3,1.39
1719911100,A4100209,18.4,98.11,0.0,5.42,19.0,0.0,17.6,0.0,21.8,474.2,1.3,0.8,1.319,45.9,1.49
1719911400,A4100209,18.6,98.1,0.0,3.57,19.3,0.0,18.0,0.0,21.8,536.3,1.4,0.84,1.313,68.5,1.05
1719911700,A4100209,19.1,98.07,0.0,3.98,20.0,0.0,17.9,0.0,22.0,820.5,1.3,0.89,1.326,68.4,1.51
1719912000,A4100209,19.8,98.06,0.0,4.53,21.1,0.0,19.0,0.0,22.4,933.2,1.3,0.97,1.343,51.0,1.75
1719912300,A4100209,19.6,98.06,0.0,4.31,20.6,0.0,18.6,0.0,22.6,798.8,1.3,0.95,1.329,52.9,2.05
1719912600,A4100209,19.7,98.07,0.0,4.54,21.2,0.0,18.5,0.0,22.9,750.5,1.3,0.97,1.323,44.0,1.94
1719912900,A4100209,19.6,98.06,0.0,5.79,20.5,0.0,18.7,0.0,23.0,912.7,1.3,0.98,1.298,46.7,1.72
1719913200,A4100209,19.9,98.06,0.0,5.63,20.9,0.0,19.1,0.0,23.1,900.2,1.3,1.01,1.306,40.7,1.89
1719913500,A4100209,19.5,98.09,0.0,6.41,21.7,0.0,18.3,0.0,23.1,691.1,1.3,0.97,1.293,55.8,2.09
1719913800,A4100209,19.5,98.1,0.0,4.84,20.4,0.0,18.8,0.0,22.8,682.4,1.4,1.0,1.274,49.7,1.6
1719914100,A4100209,19.9,98.1,0.0,7.25,21.4,0.0,18.3,0.0,22.8,557.1,1.3,1.04,1.287,47.9,2.18
1719914400,A4100209,19.2,98.1,0.0,6.56,20.2,0.0,18.5,0.0,22.5,496.6,1.3,0.97,1.259,64.1,1.97
1719914700,A4100209,19.7,98.09,0.0,3.98,20.9,0.0,18.8,0.0,22.4,713.0,1.3,1.03,1.263,39.6,1.66
1719915000,A4100209,19.5,98.08,0.0,5.42,20.5,0.0,19.0,0.0,22.4,678.9,1.4,1.01,1.256,53.9,2.07
1719915300,A4100209,20.1,98.07,0.0,5.16,21.2,0.0,19.4,0.0,22.5,927.3,1.3,1.08,1.277,49.8,1.75
1719915600,A4100209,19.8,98.1,0.0,5.17,20.7,0.0,18.8,0.0,22.5,454.3,1.3,1.06,1.253,66.8,2.32
1719915900,A4100209,19.6,98.1,0.0,6.04,20.3,0.0,19.0,0.0,22.4,439.8,1.3,1.03,1.253,41.9,2.12
1719916200,A4100209,19.3,98.11,0.0,4.29,19.9,0.0,18.8,0.0,22.2,269.4,1.3,1.0,1.241,44.7,1.68
1719916500,A4100209,19.3,98.08,0.0,4.8,20.2,0.0,18.5,0.0,22.1,559.9,1.3,1.0,1.235,58.0,1.97
1719916800,A4100209,19.6,98.1,0.0,5.2,20.2,0.0,19.0,0.0,22.0,282.1,1.3,1.03,1.249,53.4,1.67
1719917100,A4100209,19.5,98.12,0.0,3.95,19.9,0.0,19.0,0.0,21.8,164.7,1.4,1.02,1.236,42.4,1.38
1719917400,A4100209,19.1,98.12,0.0,3.46,19.4,0.0,18.6,0.0,21.6,209.4,1.4,0.97,1.24,61.8,1.56
1719917700,A4100209,19.0,98.11,0.0,3.85,19.3,0.0,18.7,0.0,21.4,273.5,1.3,0.97,1.226,50.8,1.64
1719918000,A4100209,18.8,98.09,0.0,3.54,19.3,0.0,18.5,0.0,21.3,293.0,1.3,0.95,1.22,49.0,1.39
1719918300,A4100209,19.6,98.06,0.0,3.54,20.4,0.0,18.8,0.0,21.4,734.6,1.3,1.04,1.238,39.5,1.46
1719918600,A4100209,19.4,98.11,0.0,3.59,19.8,0.0,18.9,0.0,21.4,179.2,1.3,1.02,1.243,59.9,1.58
1719918900,A4100209,19.4,98.12,0.0,3.73,20.0,0.0,18.9,0.0,21.2,117.9,1.3,1.02,1.237,51.6,1.34
1719919200,A4100209,19.3,98.12,0.0,3.19,19.6,0.0,19.1,0.0,21.1,114.6,1.3,1.01,1.223,72.6,1.21
1719919500,A4100209,19.1,98.11,0.0,2.86,19.5,0.0,18.8,0.0,21.0,164.5,1.3,1.01,1.205,55.9,1.14
1719919800,A4100209,19.0,98.08,0.0,2.93,19.7,0.0,18.6,0.0,21.1,446.6,1.4,0.97,1.22,70.9,1.16
1719920100,A4100209,19.2,98.08,0.0,3.28,19.6,0.0,18.7,0.0,21.1,272.4,1.3,0.98,1.24,67.9,1.24
1719920400,A4100209,18.9,98.08,0.0,4.57,19.3,0.0,18.5,0.0,21.2,263.3,1.3,0.95,1.238,75.9,2.15
1719920700,A4100209,19.1,98.09,0.0,2.37,19.5,0.0,18.8,0.0,21.1,239.1,1.3,0.97,1.239,63.9,1.15
1719921000,A4100209,19.1,98.09,0.0,4.11,19.4,0.0,18.8,0.0,21.1,197.9,1.3,0.98,1.234,59.7,1.12
1719921300,A4100209,19.1,98.09,0.0,4.51,19.4,0.0,18.6,0.0,21.0,183.3,1.4,0.98,1.232,65.4,1.38
1719921600,A4100209,19.1,98.08,0.0,3.75,19.4,0.0,18.8,0.0,21.0,208.6,1.4,0.99,1.22,74.3,1.54
1719921900,A4100209,19.1,98.08,0.0,5.16,19.4,0.0,18.8,0.0,21.0,212.3,1.3,0.99,1.216,64.7,1.46
1719922200,A4100209,19.1,98.09,0.0,5.25,19.5,0.0,18.8,0.0,20.9,154.7,1.4,1.0,1.207,75.1,1.45
1719922500,A4100209,19.0,98.1,0.0,5.61,19.2,0.0,18.7,0.0,20.8,122.9,1.4,1.03,1.163,64.9,2.06
1719922800,A4100209,18.9,98.11,0.0,4.24,19.1,0.0,18.7,0.0,20.5,102.4,1.3,1.03,1.151,69.0,1.58
1719923100,A4100209,18.8,98.1,0.0,4.8,19.1,0.0,18.5,0.0,20.3,113.9,1.3,1.02,1.147,72.9,1.88
1719923400,A4100209,18.6,98.1,0.0,5.61,18.8,0.0,18.4,0.0,20.2,137.9,1.4,1.02,1.125,84.3,2.77
1719923700,A4100209,18.5,98.08,0.0,4.63,18.8,0.0,18.4,0.0,20.1,188.1,1.4,1.03,1.107,88.1,2.43
1719924000,A4100209,18.5,98.06,0.0,2.7,18.9,0.0,18.2,0.0,20.1,267.4,1.4,1.01,1.118,55.6,1.0
1719924300,A4100209,18.6,98.07,0.0,3.62,18.9,0.0,18.3,0.0,20.1,227.2,1.4,1.02,1.122,66.0,1.25
1719924600,A4100209,18.8,98.06,0.0,2.08,19.2,0.0,18.4,0.0,20.2,339.8,1.4,1.02,1.145,50.3,0.73
1719924900,A4100209,19.1,98.06,0.0,2.58,19.5,0.0,18.8,0.0,20.3,209.3,1.3,1.04,1.164,51.9,1.15
1719925200,A4100209,19.2,98.04,0.0,3.46,19.6,0.0,19.0,0.0,20.4,243.4,1.3,1.04,1.184,45.1,1.22
1719925500,A4100209,19.4,98.03,0.0,4.48,20.1,0.0,19.0,0.0,20.7,399.1,1.3,1.04,1.204,53.2,1.42
1719925800,A4100209,19.5,98.04,0.0,4.04,19.9,0.0,19.1,0.0,20.8,225.1,1.4,1.04,1.22,52.5,1.44
1719926100,A4100209,19.8,97.99,0.0,5.08,21.2,0.0,19.1,0.0,21.1,623.4,1.3,1.07,1.239,48.5,1.7
1719926400,A4100209,20.5,97.95,0.0,3.76,21.6,0.0,19.5,0.0,21.7,909.5,1.3,1.14,1.272,69.9,1.69
1719926700,A4100209,21.0,97.94,0.0,5.23,22.0,0.0,19.9,0.0,22.4,909.8,1.3,1.2,1.288,46.4,1.47
1719927000,A4100209,21.1,97.98,0.0,6.57,22.2,0.0,19.9,0.0,22.7,414.5,1.3,1.2,1.303,40.4,1.56
1719927300,A4100209,20.7,97.97,0.0,3.02,21.4,0.0,20.1,0.0,23.0,496.2,1.3,1.14,1.3,49.2,1.15
1719927600,A4100209,21.2,97.94,0.0,2.82,21.8,0.0,20.4,0.0,23.4,622.9,1.3,1.2,1.312,30.3,1.04
1719927900,A4100209,21.6,97.92,0.0,3.29,22.8,0.0,20.3,0.0,23.7,760.0,1.3,1.25,1.324,43.4,1.16
1719928200,A4100209,22.6,97.91,0.0,5.11,23.8,0.0,21.9,0.0,24.2,843.0,1.3,1.49,1.251,29.1,1.6
1719928500,A4100209,22.1,97.92,0.0,4.91,22.9,0.0,21.3,0.0,24.6,707.6,1.3,1.48,1.179,25.8,1.82
1719928800,A4100209,21.7,97.93,0.0,5.58,22.6,0.0,21.1,0.0,24.6,574.8,1.3,1.43,1.164,41.6,1.64
1719929100,A4100209,21.7,97.94,0.0,4.76,22.5,0.0,21.0,0.0,24.6,433.3,1.3,1.43,1.168,46.5,1.67
1719929400,A4100209,21.4,97.94,0.0,7.56,22.4,0.0,20.7,0.0,24.5,355.2,1.3,1.41,1.147,44.6,1.8
1719929700,A4100209,21.2,97.96,0.0,4.57,21.7,0.0,20.8,0.0,24.1,188.3,1.3,1.4,1.128,17.8,1.72
1719930000,A4100209,21.0,97.98,0.0,3.79,21.3,0.0,20.7,0.0,23.7,140.6,1.3,1.42,1.067,39.7,1.39
1719930300,A4100209,20.9,97.98,0.0,4.55,21.2,0.0,20.6,0.0,23.3,141.3,1.3,1.4,1.066,31.7,1.65
1719930600,A4100209,20.7,97.97,0.0,4.46,21.0,0.0,20.4,0.0,23.0,167.0,1.3,1.37,1.074,38.2,1.6
1719930900,A4100209,20.6,97.97,0.0,4.9,21.0,0.0,20.1,0.0,22.8,200.8,1.3,1.33,1.096,55.7,1.57
1719931200,A4100209,20.0,97.95,0.0,4.0,21.0,0.0,19.5,0.0,22.7,285.9,1.3,1.2,1.147,82.5,1.98
1719931500,A4100209,20.3,97.93,0.0,2.6,21.0,0.0,19.6,0.0,22.7,393.7,1.3,1.2,1.177,60.4,1.21
1719931800,A4100209,20.0,97.94,0.0,3.53,20.8,0.0,19.6,0.0,22.7,276.3,1.3,1.13,1.207,85.8,1.51
1719932100,A4100209,20.1,97.92,0.0,2.83,20.9,0.0,19.7,0.0,22.7,327.7,1.3,1.14,1.213,78.5,1.27
1719932400,A4100209,20.5,97.94,0.0,3.51,21.2,0.0,20.0,0.0,22.6,255.6,1.3,1.18,1.23,51.8,1.18
1719932700,A4100209,20.8,97.93,0.0,3.73,21.5,0.0,20.3,0.0,22.7,341.9,1.3,1.21,1.245,41.4,1.2
1719933000,A4100209,20.8,97.92,0.0,4.1,21.8,0.0,20.3,0.0,22.9,384.0,1.3,1.21,1.24,3.3,1.06
1719933300,A4100209,21.1,97.93,0.0,3.26,21.4,0.0,20.7,0.0,22.9,241.8,1.3,1.25,1.246,10.3,1.06
1719933600,A4100209,21.0,97.94,0.0,3.52,21.5,0.0,20.6,0.0,23.0,218.0,1.3,1.25,1.243,24.9,1.04
1719933900,A4100209,21.0,97.96,0.0,3.16,21.6,0.0,20.4,0.0,22.9,120.7,1.3,1.23,1.251,40.6,1.38
1719934200,A4100209,20.6,97.97,0.0,3.33,21.1,0.0,20.2,0.0,22.7,80.1,1.3,1.18,1.243,43.2,1.41
1719934500,A4100209,20.3,97.98,0.0,4.29,20.6,0.0,20.0,0.0,22.4,79.8,1.3,1.16,1.22,26.1,1.38
1719934800,A4100209,20.3,97.98,0.0,3.6,20.5,0.0,20.1,0.0,22.1,101.3,1.4,1.15,1.222,42.3,1.19
1719935100,A4100209,20.1,97.99,0.0,3.65,20.4,0.0,19.9,0.0,21.9,97.0,1.3,1.14,1.218,44.7,1.22
1719935400,A4100209,20.2,97.99,0.0,2.14,20.4,0.0,20.0,0.0,21.6,78.1,1.3,1.14,1.223,45.7,0.98
1719935700,A4100209,20.0,97.99,0.0,3.13,20.2,0.0,19.8,0.0,21.5,97.2,1.3,1.12,1.214,49.1,1.47
1719936000,A4100209,19.9,97.99,0.0,3.19,20.2,0.0,19.7,0.0,21.4,128.4,1.3,1.11,1.21,18.6,1.37
1719936300,A4100209,19.8,97.99,0.0,3.1,20.0,0.0,19.7,0.0,21.2,119.4,1.3,1.1,1.214,31.6,1.13
1719936600,A4100209,19.7,97.99,0.0,2.43,20.0,0.0,19.6,0.0,21.1,102.1,1.3,1.08,1.215,36.7,0.93
1719936900,A4100209,19.8,97.99,0.0,1.96,20.0,0.0,19.7,0.0,21.0,87.7,1.3,1.09,1.219,352.3,0.75
1719937200,A4100209,19.8,97.99,0.0,2.8,20.0,0.0,19.6,0.0,20.9,77.7,1.3,1.08,1.228,51.9,1.08
1719937500,A4100209,19.8,97.99,0.0,2.63,19.9,0.0,19.7,0.0,20.8,65.6,1.3,1.07,1.233,283.0,0.65
1719937800,A4100209,19.8,97.99,0.0,2.16,19.9,0.0,19.6,0.0,20.7,49.3,1.3,1.07,1.232,290.9,0.75
1719938100,A4100209,19.7,98.0,0.0,1.48,19.8,0.0,19.6,0.0,20.6,41.3,1.3,1.06,1.235,15.3,0.46
1719938400,A4100209,19.8,98.01,0.0,1.39,19.9,0.0,19.6,0.0,20.4,29.3,1.3,1.06,1.238,56.8,0.34
1719938700,A4100209,19.6,98.01,0.0,1.71,19.8,0.0,19.2,0.0,20.4,18.8,1.3,1.03,1.256,94.5,0.36
1719939000,A4100209,19.4,98.02,0.0,1.55,19.5,0.0,19.2,0.0,20.2,14.9,1.3,0.99,1.26,88.7,0.89
1719939300,A4100209,19.3,98.02,0.0,1.32,19.5,0.0,19.2,0.0,20.1,17.5,1.3,0.99,1.25,82.2,0.6
1719939600,A4100209,19.3,98.01,0.0,1.3,19.4,0.0,19.1,0.0,20.0,22.1,1.3,0.99,1.246,74.1,0.72
1719939900,A4100209,19.3,98.02,0.0,1.29,19.7,0.0,19.2,0.0,19.8,26.4,1.4,1.0,1.243,50.4,0.49
1719940200,A4100209,19.3,98.01,0.0,1.61,19.3,0.0,19.2,0.0,19.8,26.9,1.3,1.0,1.234,62.1,0.72
1719940500,A4100209,19.2,98.01,0.0,1.52,19.3,0.0,19.1,0.0,19.7,26.1,1.4,0.98,1.239,59.4,0.64
1719940800,A4100209,19.2,98.01,0.0,0.72,19.2,0.0,19.1,0.0,19.6,26.7,1.4,0.96,1.254,357.2,0.34
1719941100,A4100209,19.0,98.01,0.0,1.4,19.2,0.0,18.7,0.0,19.6,30.5,1.4,0.95,1.254,329.0,0.51
1719941400,A4100209,19.0,98.01,0.0,0.54,19.1,0.0,18.8,0.0,19.5,29.9,1.3,0.92,1.273,347.7,0.28
1719941700,A4100209,19.0,98.02,0.0,1.67,19.2,0.0,19.0,0.0,19.4,27.0,1.3,0.95,1.25,355.0,0.44
1719942000,A4100209,19.0,98.02,0.0,1.5,19.2,0.0,18.9,0.0,19.4,28.7,1.4,0.96,1.236,47.2,0.53
1719942300,A4100209,18.9,98.02,0.0,1.23,19.0,0.0,18.8,0.0,19.3,30.7,1.3,0.94,1.242,42.9,0.44
1719942600,A4100209,18.9,98.01,0.0,1.09,19.0,0.0,18.8,0.0,19.3,33.2,1.4,0.94,1.242,32.0,0.35
1719942900,A4100209,18.9,98.01,0.0,2.25,19.2,0.0,18.8,0.0,19.3,35.5,1.3,0.95,1.231,35.0,0.61
1719943200,A4100209,18.9,98.01,0.0,1.84,19.0,0.0,18.8,0.0,19.3,36.8,1.4,0.96,1.224,42.6,0.43
1719943500,A4100209,18.8,98.01,0.0,1.98,18.9,0.0,18.7,0.0,19.3,39.3,1.3,0.95,1.227,43.4,0.49
1719943800,A4100209,18.8,98.01,0.0,0.77,19.0,0.0,18.7,0.0,19.2,42.1,1.3,0.92,1.245,62.2,0.32
1719944100,A4100209,18.8,98.02,0.0,1.02,18.9,0.0,18.7,0.0,19.2,39.0,1.4,0.93,1.24,47.7,0.38
1719944400,A4100209,18.8,98.02,0.0,1.32,18.8,0.0,18.6,0.0,19.2,33.9,1.4,0.92,1.239,54.7,0.39
1719944700,A4100209,18.8,98.02,0.0,1.93,18.9,0.0,18.7,0.0,19.1,28.7,1.4,0.93,1.23,47.1,0.46
1719945000,A4100209,18.7,98.02,0.0,0.88,18.8,0.0,18.6,0.0,19.1,23.0,1.3,0.91,1.247,275.1,0.35
1719945300,A4100209,18.6,98.03,0.0,0.8,18.7,0.0,18.6,0.0,19.0,15.1,1.3,0.9,1.247,44.7,0.34
1719945600,A4100209,18.6,98.03,0.0,0.59,18.7,0.0,18.5,0.0,18.9,8.9,1.4,0.89,1.253,208.1,0.25
1719945900,A4100209,18.6,98.03,0.0,0.82,18.7,0.0,18.5,0.0,18.8,0.8,1.3,0.9,1.24,266.0,0.27
1719946200,A4100209,18.5,98.03,0.0,1.25,18.6,0.0,18.5,0.0,18.7,0.0,1.3,0.89,1.242,264.7,0.29
1719946500,A4100209,18.5,98.03,0.0,1.55,18.7,0.0,18.4,0.0,18.6,0.0,1.4,0.89,1.234,51.4,0.32
1719946800,A4100209,18.4,98.03,0.0,0.83,18.5,0.0,18.2,0.0,18.6,0.0,1.3,0.86,1.252,87.3,0.34
1719947100,A4100209,18.2,98.04,0.0,0.94,18.3,0.0,18.1,0.0,18.5,0.0,1.3,0.82,1.269,67.1,0.33
1719947400,A4100209,18.2,98.04,0.0,0.59,18.3,0.0,18.1,0.0,18.4,0.0,1.4,0.81,1.271,69.0,0.27
1719947700,A4100209,18.1,98.04,0.0,0.63,18.2,0.0,17.9,0.0,18.3,0.0,1.4,0.8,1.274,45.1,0.29
1719948000,A4100209,17.9,98.04,0.0,0.63,18.0,0.0,17.8,0.0,18.2,0.0,1.3,0.78,1.27,3.9,0.34
1719948300,A4100209,17.9,98.04,0.0,0.69,18.0,0.0,17.7,0.0,18.2,0.0,1.3,0.78,1.267,8.9,0.36
1719948600,A4100209,17.8,98.04,0.0,0.63,17.9,0.0,17.6,0.0,18.0,0.0,1.4,0.77,1.263,1.9,0.37
1719948900,A4100209,17.4,98.05,0.0,1.21,17.6,0.0,17.3,0.0,17.9,0.0,1.3,0.72,1.27,67.9,0.66
1719949200,A4100209,17.4,98.06,0.0,0.99,17.7,0.0,17.3,0.0,17.8,0.0,1.4,0.72,1.27,87.7,0.52
1719949500,A4100209,17.5,98.06,0.0,0.72,17.7,0.0,17.2,0.0,17.7,0.0,1.3,0.73,1.265,42.6,0.34
1719949800,A4100209,17.2,98.06,0.0,0.72,17.3,0.0,17.0,0.0,17.6,0.0,1.4,0.66,1.292,80.9,0.36
1719950100,A4100209,17.1,98.06,0.0,0.5,17.2,0.0,17.0,0.0,17.5,0.0,1.4,0.65,1.301,20.4,0.25
1719950400,A4100209,17.1,98.06,0.0,0.65,17.2,0.0,16.9,0.0,17.4,0.0,1.4,0.66,1.29,16.6,0.3
1719950700,A4100209,16.9,98.05,0.0,1.54,17.1,0.0,16.8,0.0,17.2,0.0,1.4,0.64,1.286,178.4,0.65
1719951000,A4100209,16.8,98.05,0.0,1.53,17.0,0.0,16.6,0.0,17.1,0.0,1.4,0.61,1.303,185.3,0.88
1719951300,A4100209,16.6,98.05,0.0,1.22,16.8,0.0,16.3,0.0,17.0,0.0,1.4,0.53,1.349,190.8,0.76
1719951600,A4100209,16.3,98.06,0.0,1.35,16.6,0.0,16.2,0.0,16.9,0.0,1.4,0.5,1.357,185.8,0.74
1719951900,A4100209,16.4,98.06,0.0,1.2,16.6,0.0,16.1,0.0,16.8,0.0,1.4,0.51,1.348,188.9,0.63
1719952200,A4100209,16.3,98.06,0.0,0.88,16.4,0.0,16.2,0.0,16.6,0.0,1.4,0.5,1.352,171.4,0.37
1719952500,A4100209,16.3,98.06,0.0,0.49,16.4,0.0,16.1,0.0,16.5,0.0,1.4,0.49,1.354,165.5,0.25
1719952800,A4100209,16.1,98.06,0.0,0.82,16.2,0.0,16.0,0.0,16.5,0.0,1.3,0.46,1.37,146.1,0.26
1719953100,A4100209,16.1,98.06,0.0,1.99,16.2,0.0,16.0,0.0,16.4,0.0,1.4,0.46,1.368,115.7,0.86
1719953400,A4100209,16.0,98.06,0.0,1.59,16.1,0.0,15.8,0.0,16.3,0.0,1.4,0.46,1.355,114.2,0.87
1719953700,A4100209,15.9,98.06,0.0,1.21,16.0,0.0,15.8,0.0,16.2,0.0,1.3,0.44,1.36,131.0,0.76
1719954000,A4100209,15.9,98.06,0.0,1.21,16.0,0.0,15.8,0.0,16.2,0.0,1.4,0.45,1.355,160.1,0.66
1719954300,A4100209,16.0,98.06,0.0,1.27,16.0,0.0,15.9,0.0,16.1,0.0,1.4,0.47,1.346,141.6,0.72
1719954600,A4100209,16.0,98.05,0.0,1.35,16.1,0.0,15.9,0.0,16.1,0.0,1.4,0.48,1.338,204.2,0.77
1719954900,A4100209,16.0,98.05,0.0,1.46,16.1,0.0,15.9,0.0,16.0,0.0,1.4,0.47,1.345,184.4,0.86
1719955200,A4100209,15.8,98.05,0.0,1.54,16.0,0.0,15.7,0.0,16.0,0.0,1.4,0.44,1.364,192.9,0.86
1719955500,A4100209,15.8,98.04,0.0,1.45,16.0,0.0,15.7,0.0,16.0,0.0,1.4,0.42,1.375,201.6,0.78
1719955800,A4100209,15.8,98.04,0.0,0.96,15.9,0.0,15.7,0.0,15.9,0.0,1.4,0.42,1.376,200.6,0.54
1719956100,A4100209,15.8,98.04,0.0,0.89,15.9,0.0,15.7,0.0,15.9,0.0,1.4,0.41,1.382,180.8,0.31
1719956400,A4100209,15.8,98.04,0.0,0.64,15.9,0.0,15.7,0.0,15.9,0.0,1.3,0.41,1.38,197.7,0.34
1719956700,A4100209,15.7,98.04,0.0,0.54,15.8,0.0,15.6,0.0,15.8,0.0,1.4,0.4,1.378,194.1,0.24
1719957000,A4100209,15.7,98.03,0.0,0.74,15.8,0.0,15.5,0.0,15.7,0.0,1.4,0.41,1.37,148.3,0.25
1719957300,A4100209,15.6,98.03,0.0,1.05,15.7,,15.5,0.0,15.7,0.0,1.3,0.41,1.362,172.4,0.49
1719957600,A4100209,15.6,98.02,0.0,0.98,15.7,0.0,15.5,0.0,15.6,0.0,1.4,0.4,1.369,171.0,0.49
