timestamp_utc,tz_offset,datetime,mrid,measurement,value,units,precision,port_num,sub_sensor_index,sensor_sn,sensor_name,error_flag,error_description,depth
1719957600,7200,2024-07-03 00:00:00+02:00,50509,Vapor Pressure,1.369, kPa,3,1,9,A4100209,ATMOS 41W,False,,Not Set
1719957300,7200,2024-07-02 23:55:00+02:00,50508,Vapor Pressure,1.362, kPa,3,1,9,A4100209,ATMOS 41W,False,,Not Set
1719957000,7200,2024-07-02 23:50:00+02:00,50507,Vapor Pressure,1.37, kPa,3,1,9,A4100209,ATMOS 41W,False,,Not Set
1719956700,7200,2024-07-02 23:45:00+02:00,50506,Vapor Pressure,1.378, kPa,3,1,9,A4100209,ATMOS 41W,False,,Not Set
1719956400,7200,2024-07-02 23:40:00+02:00,50505,Vapor Pressure,1.38, kPa,3,1,9,A4100209,ATMOS 41W,False,,Not Set
1719956100,7200,2024-07-02 23:35:00+02:00,50504,Vapor Pressure,1.382, kPa,3,1,9,A4100209,ATMOS 41W,False,,Not Set
1719955800,7200,2024-07-02 23:30:00+02:00,50503,Vapor Pressure,1.376, kPa,3,1,9,A4100209,ATMOS 41W,False,,Not Set
1719955500,7200,2024-07-02 23:25:00+02:00,50502,Vapor Pressure,1.375, kPa,3,1,9,A4100209,ATMOS 41W,False,,Not Set
1719955200,7200,2024-07-02 23:20:00+02:00,50501,Vapor Pressure,1.364, kPa,3,1,9,A4100209,ATMOS 41W,False,,Not Set
1719954900,7200,2024-07-02 23:15:00+02:00,50500,Vapor Pressure,1.345, kPa,3,1,9,A4100209,ATMOS 41W,False,,Not Set
1719954600,7200,2024-07-02 23:10:00+02:00,50499,Vapor Pressure,1.338, kPa,3,1,9,A4100209,ATMOS 41W,False,,Not Set
1719954300,7200,2024-07-02 23:05:00+02:00,50498,Vapor Pressure,1.346, kPa,3,1,9,A4100209,ATMOS 41W,False,,Not Set
1719954000,7200,2024-07-02 23:00:00+02:00,50497,Vapor Pressure,1.355, kPa,3,1,9,A4100209,ATMOS 41W,False,,Not Set
1719953700,7200,2024-07-02 22:55:00+02:00,50496,Vapor Pressure,1.36, kPa,3,1,9,A4100209,ATMOS 41W,False,,Not Set
1719953400,7200,2024-07-02 22:50:00+02:00,50495,Vapor Pressure,1.355, kPa,3,1,9,A4100209,ATMOS 41W,False,,Not Set
1719953100,7200,2024-07-02 22:45:00+02:00,50494,Vapor Pressure,1.368, kPa,3,1,9,A4100209,ATMOS 41W,False,,Not Set
1719952800,7200,2024-07-02 22:40:00+02:00,50493,Vapor Pressure,1.37, kPa,3,1,9,A4100209,ATMOS 41W,False,,Not Set
1719952500,7200,2024-07-02 22:35:00+02:00,50492,Vapor Pressure,1.354, kPa,3,1,9,A4100209,ATMOS 41W,False,,Not Set
1719952200,7200,2024-07-02 22:30:00+02:00,50491,Vapor Pressure,1.352, kPa,3,1,9,A4100209,ATMOS 41W,False,,Not Set
1719951900,7200,2024-07-02 22:25:00+02:00,50490,Vapor Pressure,1.348, kPa,3,1,9,A4100209,ATMOS 41W,False,,Not Set
1719951600,7200,2024-07-02 22:20:00+02:00,50489,Vapor Pressure,1.357, kPa,3,1,9,A4100209,ATMOS 41W,False,,Not Set
1719951300,7200,2024-07-02 22:15:00+02:00,50488,Vapor Pressure,1.349, kPa,3,1,9,A4100209,ATMOS 41W,False,,Not Set
1719951000,7200,2024-07-02 22:10:00+02:00,50487,Vapor Pressure,1.303, kPa,3,1,9,A4100209,ATMOS 41W,False,,Not Set
1719950700,7200,2024-07-02 22:05:00+02:00,50486,Vapor Pressure,1.286, kPa,3,1,9,A4100209,ATMOS 41W,False,,Not Set
1719950400,7200,2024-07-02 22:00:00+02:00,50485,Vapor Pressure,1.29, kPa,3,1,9,A4100209,ATMOS 41W,False,,Not Set
1719950100,7200,2024-07-02 21:55:00+02:00,50484,Vapor Pressure,1.301, kPa,3,1,9,A4100209,ATMOS 41W,False,,Not Set
1719949800,7200,2024-07-02 21:50:00+02:00,50483,Vapor Pressure,1.292, kPa,3,1,9,A4100209,ATMOS 41W,False,,Not Set
1719949500,7200,2024-07-02 21:45:00+02:00,50482,Vapor Pressure,1.265, kPa,3,1,9,A4100209,ATMOS 41W,False,,Not Set
1719949200,7200,2024-07-02 21:40:00+02:00,50481,Vapor Pressure,1.27, kPa,3,1,9,A4100209,ATMOS 41W,False,,Not Set
1719948900,7200,2024-07-02 21:35:00+02:00,50480,Vapor Pressure,1.27, kPa,3,1,9,A4100209,ATMOS 41W,False,,Not Set
1719948600,7200,2024-07-02 21:30:00+02:00,50479,Vapor Pressure,1.263, kPa,3,1,9,A4100209,ATMOS 41W,False,,Not Set
1719948300,7200,2024-07-02 21:25:00+02:00,50478,Vapor Pressure,1.267, kPa,3,1,9,A4100209,ATMOS 41W,False,,Not Set
1719948000,7200,2024-07-02 21:20:00+02:00,50477,Vapor Pressure,1.27, kPa,3,1,9,A4100209,ATMOS 41W,False,,Not Set
1719947700,7200,2024-07-02 21:15:00+02:00,50476,Vapor Pressure,1.274, kPa,3,1,9,A4100209,ATMOS 41W,False,,Not Set
1719947400,7200,2024-07-02 21:10:00+02:00,50475,Vapor Pressure,1.271, kPa,3,1,9,A4100209,ATMOS 41W,False,,Not Set
1719947100,7200,2024-07-02 21:05:00+02:00,50474,Vapor Pressure,1.269, kPa,3,1,9,A4100209,ATMOS 41W,False,,Not Set
1719946800,7200,2024-07-02 21:00:00+02:00,50473,Vapor Pressure,1.252, kPa,3,1,9,A4100209,ATMOS 41W,False,,Not Set
1719946500,7200,2024-07-02 20:55:00+02:00,50472,Vapor Pressure,1.234, kPa,3,1,9,A4100209,ATMOS 41W,False,,Not Set
1719946200,7200,2024-07-02 20:50:00+02:00,50471,Vapor Pressure,1.242, kPa,3,1,9,A4100209,ATMOS 41W,False,,Not Set
1719945900,7200,2024-07-02 20:45:00+02:00,50470,Vapor Pressure,1.24, kPa,3,1,9,A4100209,ATMOS 41W,False,,Not Set
1719945600,7200,2024-07-02 20:40:00+02:00,50469,Vapor Pressure,1.253, kPa,3,1,9,A4100209,ATMOS 41W,False,,Not Set
1719945300,7200,2024-07-02 20:35:00+02:00,50468,Vapor Pressure,1.247, kPa,3,1,9,A4100209,ATMOS 41W,False,,Not Set
1719945000,7200,2024-07-02 20:30:00+02:00,50467,Vapor Pressure,1.247, kPa,3,1,9,A4100209,ATMOS 41W,False,,Not Set
1719944700,7200,2024-07-02 20:25:00+02:00,50466,Vapor Pressure,1.23, kPa,3,1,9,A4100209,ATMOS 41W,False,,Not Set
1719944400,7200,2024-07-02 20:20:00+02:00,50465,Vapor Pressure,1.239, kPa,3,1,9,A4100209,ATMOS 41W,False,,Not Set
1719944100,7200,2024-07-02 20:15:00+02:00,50464,Vapor Pressure,1.24, kPa,3,1,9,A4100209,ATMOS 41W,False,,Not Set
1719943800,7200,2024-07-02 20:10:00+02:00,50463,Vapor Pressure,1.245, kPa,3,1,9,A4100209,ATMOS 41W,False,,Not Set
1719943500,7200,2024-07-02 20:05:00+02:00,50462,Vapor Pressure,1.227, kPa,3,1,9,A4100209,ATMOS 41W,False,,Not Set
1719943200,7200,2024-07-02 20:00:00+02:00,50461,Vapor Pressure,1.224, kPa,3,1,9,A4100209,ATMOS 41W,False,,Not Set
1719942900,7200,2024-07-02 19:55:00+02:00,50460,Vapor Pressure,1.231, kPa,3,1,9,A4100209,ATMOS 41W,False,,Not Set
1719942600,7200,2024-07-02 19:50:00+02:00,50459,Vapor Pressure,1.242, kPa,3,1,9,A4100209,ATMOS 41W,False,,Not Set
1719942300,7200,2024-07-02 19:45:00+02:00,50458,Vapor Pressure,1.242, kPa,3,1,9,A4100209,ATMOS 41W,False,,Not Set
1719942000,7200,2024-07-02 19:40:00+02:00,50457,Vapor Pressure,1.236, kPa,3,1,9,A4100209,ATMOS 41W,False,,Not Set
1719941700,7200,2024-07-02 19:35:00+02:00,50456,Vapor Pressure,1.25, kPa,3,1,9,A4100209,ATMOS 41W,False,,Not Set
1719941400,7200,2024-07-02 19:30:00+02:00,50455,Vapor Pressure,1.273, kPa,3,1,9,A4100209,ATMOS 41W,False,,Not Set
1719941100,7200,2024-07-02 19:25:00+02:00,50454,Vapor Pressure,1.254, kPa,3,1,9,A4100209,ATMOS 41W,False,,Not Set
1719940800,7200,2024-07-02 19:20:00+02:00,50453,Vapor Pressure,1.254, kPa,3,1,9,A4100209,ATMOS 41W,False,,Not Set
1719940500,7200,2024-07-02 19:15:00+02:00,50452,Vapor Pressure,1.239, kPa,3,1,9,A4100209,ATMOS 41W,False,,Not Set
1719940200,7200,2024-07-02 19:10:00+02:00,50451,Vapor Pressure,1.234, kPa,3,1,9,A4100209,ATMOS 41W,False,,Not Set
1719939900,7200,2024-07-02 19:05:00+02:00,50450,Vapor Pressure,1.243, kPa,3,1,9,A4100209,ATMOS 41W,False,,Not Set
1719939600,7200,2024-07-02 19:00:00+02:00,50449,Vapor Pressure,1.246, kPa,3,1,9,A4100209,ATMOS 41W,False,,Not Set
1719939300,7200,2024-07-02 18:55:00+02:00,50448,Vapor Pressure,1.25, kPa,3,1,9,A4100209,ATMOS 41W,False,,Not Set
1719939000,7200,2024-07-02 18:50:00+02:00,50447,Vapor Pressure,1.26, kPa,3,1,9,A4100209,ATMOS 41W,False,,Not Set
1719938700,7200,2024-07-02 18:45:00+02:00,50446,Vapor Pressure,1.256, kPa,3,1,9,A4100209,ATMOS 41W,False,,Not Set
1719938400,7200,2024-07-02 18:40:00+02:00,50445,Vapor Pressure,1.238, kPa,3,1,9,A4100209,ATMOS 41W,False,,Not Set
1719938100,7200,2024-07-02 18:35:00+02:00,50444,Vapor Pressure,1.235, kPa,3,1,9,A4100209,ATMOS 41W,False,,Not Set
1719937800,7200,2024-07-02 18:30:00+02:00,50443,Vapor Pressure,1.232, kPa,3,1,9,A4100209,ATMOS 41W,False,,Not Set
1719937500,7200,2024-07-02 18:25:00+02:00,50442,Vapor Pressure,1.233, kPa,3,1,9,A4100209,ATMOS 41W,False,,Not Set
1719937200,7200,2024-07-02 18:20:00+02:00,50441,Vapor Pressure,1.228, kPa,3,1,9,A4100209,ATMOS 41W,False,,Not Set
1719936900,7200,2024-07-02 18:15:00+02:00,50440,Vapor Pressure,1.219, kPa,3,1,9,A4100209,ATMOS 41W,False,,Not Set
1719936600,7200,2024-07-02 18:10:00+02:00,50439,Vapor Pressure,1.215, kPa,3,1,9,A4100209,ATMOS 41W,False,,Not Set
1719936300,7200,2024-07-02 18:05:00+02:00,50438,Vapor Pressure,1.214, kPa,3,1,9,A4100209,ATMOS 41W,False,,Not Set
1719936000,7200,2024-07-02 18:00:00+02:00,50437,Vapor Pressure,1.21, kPa,3,1,9,A4100209,ATMOS 41W,False,,Not Set
1719935700,7200,2024-07-02 17:55:00+02:00,50436,Vapor Pressure,1.214, kPa,3,1,9,A4100209,ATMOS 41W,False,,Not Set
1719935400,7200,2024-07-02 17:50:00+02:00,50435,Vapor Pressure,1.223, kPa,3,1,9,A4100209,ATMOS 41W,False,,Not Set
1719935100,7200,2024-07-02 17:45:00+02:00,50434,Vapor Pressure,1.218, kPa,3,1,9,A4100209,ATMOS 41W,False,,Not Set
1719934800,7200,2024-07-02 17:40:00+02:00,50433,Vapor Pressure,1.222, kPa,3,1,9,A4100209,ATMOS 41W,False,,Not Set
1719934500,7200,2024-07-02 17:35:00+02:00,50432,Vapor Pressure,1.22, kPa,3,1,9,A4100209,ATMOS 41W,False,,Not Set
1719934200,7200,2024-07-02 17:30:00+02:00,50431,Vapor Pressure,1.243, kPa,3,1,9,A4100209,ATMOS 41W,False,,Not Set
1719933900,7200,2024-07-02 17:25:00+02:00,50430,Vapor Pressure,1.251, kPa,3,1,9,A4100209,ATMOS 41W,False,,Not Set
1719933600,7200,2024-07-02 17:20:00+02:00,50429,Vapor Pressure,1.243, kPa,3,1,9,A4100209,ATMOS 41W,False,,Not Set
1719933300,7200,2024-07-02 17:15:00+02:00,50428,Vapor Pressure,1.246, kPa,3,1,9,A4100209,ATMOS 41W,False,,Not Set
1719933000,7200,2024-07-02 17:10:00+02:00,50427,Vapor Pressure,1.24, kPa,3,1,9,A4100209,ATMOS 41W,False,,Not Set
1719932700,7200,2024-07-02 17:05:00+02:00,50426,Vapor Pressure,1.245, kPa,3,1,9,A4100209,ATMOS 41W,False,,Not Set
1719932400,7200,2024-07-02 17:00:00+02:00,50425,Vapor Pressure,1.23, kPa,3,1,9,A4100209,ATMOS 41W,False,,Not Set
1719932100,7200,2024-07-02 16:55:00+02:00,50424,Vapor Pressure,1.213, kPa,3,1,9,A4100209,ATMOS 41W,False,,Not Set
1719931800,7200,2024-07-02 16:50:00+02:00,50423,Vapor Pressure,1.207, kPa,3,1,9,A4100209,ATMOS 41W,False,,Not Set
1719931500,7200,2024-07-02 16:45:00+02:00,50422,Vapor Pressure,1.177, kPa,3,1,9,A4100209,ATMOS 41W,False,,Not Set
1719931200,7200,2024-07-02 16:40:00+02:00,50421,Vapor Pressure,1.147, kPa,3,1,9,A4100209,ATMOS 41W,False,,Not Set
1719930900,7200,2024-07-02 16:35:00+02:00,50420,Vapor Pressure,1.096, kPa,3,1,9,A4100209,ATMOS 41W,False,,Not Set
1719930600,7200,2024-07-02 16:30:00+02:00,50419,Vapor Pressure,1.074, kPa,3,1,9,A4100209,ATMOS 41W,False,,Not Set
1719930300,7200,2024-07-02 16:25:00+02:00,50418,Vapor Pressure,1.066, kPa,3,1,9,A4100209,ATMOS 41W,False,,Not Set
1719930000,7200,2024-07-02 16:20:00+02:00,50417,Vapor Pressure,1.067, kPa,3,1,9,A4100209,ATMOS 41W,False,,Not Set
1719929700,7200,2024-07-02 16:15:00+02:00,50416,Vapor Pressure,1.128, kPa,3,1,9,A4100209,ATMOS 41W,False,,Not Set
1719929400,7200,2024-07-02 16:10:00+02:00,50415,Vapor Pressure,1.147, kPa,3,1,9,A4100209,ATMOS 41W,False,,Not Set
1719929100,7200,2024-07-02 16:05:00+02:00,50414,Vapor Pressure,1.168, kPa,3,1,9,A4100209,ATMOS 41W,False,,Not Set
1719928800,7200,2024-07-02 16:00:00+02:00,50413,Vapor Pressure,1.164, kPa,3,1,9,A4100209,ATMOS 41W,False,,Not Set
1719928500,7200,2024-07-02 15:55:00+02:00,50412,Vapor Pressure,1.179, kPa,3,1,9,A4100209,ATMOS 41W,False,,Not Set
1719928200,7200,2024-07-02 15:50:00+02:00,50411,Vapor Pressure,1.251, kPa,3,1,9,A4100209,ATMOS 41W,False,,Not Set
1719927900,7200,2024-07-02 15:45:00+02:00,50410,Vapor Pressure,1.324, kPa,3,1,9,A4100209,ATMOS 41W,False,,Not Set
1719927600,7200,2024-07-02 15:40:00+02:00,50409,Vapor Pressure,1.312, kPa,3,1,9,A4100209,ATMOS 41W,False,,Not Set
1719927300,7200,2024-07-02 15:35:00+02:00,50408,Vapor Pressure,1.3, kPa,3,1,9,A4100209,ATMOS 41W,False,,Not Set
1719927000,7200,2024-07-02 15:30:00+02:00,50407,Vapor Pressure,1.303, kPa,3,1,9,A4100209,ATMOS 41W,False,,Not Set
1719926700,7200,2024-07-02 15:25:00+02:00,50406,Vapor Pressure,1.288, kPa,3,1,9,A4100209,ATMOS 41W,False,,Not Set
1719926400,7200,2024-07-02 15:20:00+02:00,50405,Vapor Pressure,1.272, kPa,3,1,9,A4100209,ATMOS 41W,False,,Not Set
1719926100,7200,2024-07-02 15:15:00+02:00,50404,Vapor Pressure,1.239, kPa,3,1,9,A4100209,ATMOS 41W,False,,Not Set
1719925800,7200,2024-07-02 15:10:00+02:00,50403,Vapor Pressure,1.22, kPa,3,1,9,A4100209,ATMOS 41W,False,,Not Set
1719925500,7200,2024-07-02 15:05:00+02:00,50402,Vapor Pressure,1.204, kPa,3,1,9,A4100209,ATMOS 41W,False,,Not Set
1719925200,7200,2024-07-02 15:00:00+02:00,50401,Vapor Pressure,1.184, kPa,3,1,9,A4100209,ATMOS 41W,False,,Not Set
1719924900,7200,2024-07-02 14:55:00+02:00,50400,Vapor Pressure,1.164, kPa,3,1,9,A4100209,ATMOS 41W,False,,Not Set
1719924600,7200,2024-07-02 14:50:00+02:00,50399,Vapor Pressure,1.145, kPa,3,1,9,A4100209,ATMOS 41W,False,,Not Set
1719924300,7200,2024-07-02 14:45:00+02:00,50398,Vapor Pressure,1.122, kPa,3,1,9,A4100209,ATMOS 41W,False,,Not Set
1719924000,7200,2024-07-02 14:40:00+02:00,50397,Vapor Pressure,1.118, kPa,3,1,9,A4100209,ATMOS 41W,False,,Not Set
1719923700,7200,2024-07-02 14:35:00+02:00,50396,Vapor Pressure,1.107, kPa,3,1,9,A4100209,ATMOS 41W,False,,Not Set
1719923400,7200,2024-07-02 14:30:00+02:00,50395,Vapor Pressure,1.125, kPa,3,1,9,A4100209,ATMOS 41W,False,,Not Set
1719923100,7200,2024-07-02 14:25:00+02:00,50394,Vapor Pressure,1.147, kPa,3,1,9,A4100209,ATMOS 41W,False,,Not Set
1719922800,7200,2024-07-02 14:20:00+02:00,50393,Vapor Pressure,1.151, kPa,3,1,9,A4100209,ATMOS 41W,False,,Not Set
1719922500,7200,2024-07-02 14:15:00+02:00,50392,Vapor Pressure,1.163, kPa,3,1,9,A4100209,ATMOS 41W,False,,Not Set
1719922200,7200,2024-07-02 14:10:00+02:00,50391,Vapor Pressure,1.207, kPa,3,1,9,A4100209,ATMOS 41W,False,,Not Set
1719921900,7200,2024-07-02 14:05:00+02:00,50390,Vapor Pressure,1.216, kPa,3,1,9,A4100209,ATMOS 41W,False,,Not Set
1719921600,7200,2024-07-02 14:00:00+02:00,50389,Vapor Pressure,1.22, kPa,3,1,9,A4100209,ATMOS 41W,False,,Not Set
1719921300,7200,2024-07-02 13:55:00+02:00,50388,Vapor Pressure,1.232, kPa,3,1,9,A4100209,ATMOS 41W,False,,Not Set
1719921000,7200,2024-07-02 13:50:00+02:00,50387,Vapor Pressure,1.234, kPa,3,1,9,A4100209,ATMOS 41W,False,,Not Set
1719920700,7200,2024-07-02 13:45:00+02:00,50386,Vapor Pressure,1.239, kPa,3,1,9,A4100209,ATMOS 41W,False,,Not Set
1719920400,7200,2024-07-02 13:40:00+02:00,50385,Vapor Pressure,1.238, kPa,3,1,9,A4100209,ATMOS 41W,False,,Not Set
1719920100,7200,2024-07-02 13:35:00+02:00,50384,Vapor Pressure,1.24, kPa,3,1,9,A4100209,ATMOS 41W,False,,Not Set
1719919800,7200,2024-07-02 13:30:00+02:00,50383,Vapor Pressure,1.22, kPa,3,1,9,A4100209,ATMOS 41W,False,,Not Set
1719919500,7200,2024-07-02 13:25:00+02:00,50382,Vapor Pressure,1.205, kPa,3,1,9,A4100209,ATMOS 41W,False,,Not Set
1719919200,7200,2024-07-02 13:20:00+02:00,50381,Vapor Pressure,1.223, kPa,3,1,9,A4100209,ATMOS 41W,False,,Not Set
1719918900,7200,2024-07-02 13:15:00+02:00,50380,Vapor Pressure,1.237, kPa,3,1,9,A4100209,ATMOS 41W,False,,Not Set
1719918600,7200,2024-07-02 13:10:00+02:00,50379,Vapor Pressure,1.243, kPa,3,1,9,A4100209,ATMOS 41W,False,,Not Set
1719918300,7200,2024-07-02 13:05:00+02:00,50378,Vapor Pressure,1.238, kPa,3,1,9,A4100209,ATMOS 41W,False,,Not Set
1719918000,7200,2024-07-02 13:00:00+02:00,50377,Vapor Pressure,1.22, kPa,3,1,9,A4100209,ATMOS 41W,False,,Not Set
1719917700,7200,2024-07-02 12:55:00+02:00,50376,Vapor Pressure,1.226, kPa,3,1,9,A4100209,ATMOS 41W,False,,Not Set
1719917400,7200,2024-07-02 12:50:00+02:00,50375,Vapor Pressure,1.24, kPa,3,1,9,A4100209,ATMOS 41W,False,,Not Set
1719917100,7200,2024-07-02 12:45:00+02:00,50374,Vapor Pressure,1.236, kPa,3,1,9,A4100209,ATMOS 41W,False,,Not Set
1719916800,7200,2024-07-02 12:40:00+02:00,50373,Vapor Pressure,1.249, kPa,3,1,9,A4100209,ATMOS 41W,False,,Not Set
1719916500,7200,2024-07-02 12:35:00+02:00,50372,Vapor Pressure,1.235, kPa,3,1,9,A4100209,ATMOS 41W,False,,Not Set
1719916200,7200,2024-07-02 12:30:00+02:00,50371,Vapor Pressure,1.241, kPa,3,1,9,A4100209,ATMOS 41W,False,,Not Set
1719915900,7200,2024-07-02 12:25:00+02:00,50370,Vapor Pressure,1.253, kPa,3,1,9,A4100209,ATMOS 41W,False,,Not Set
1719915600,7200,2024-07-02 12:20:00+02:00,50369,Vapor Pressure,1.253, kPa,3,1,9,A4100209,ATMOS 41W,False,,Not Set
1719915300,7200,2024-07-02 12:15:00+02:00,50368,Vapor Pressure,1.277, kPa,3,1,9,A4100209,ATMOS 41W,False,,Not Set
1719915000,7200,2024-07-02 12:10:00+02:00,50367,Vapor Pressure,1.256, kPa,3,1,9,A4100209,ATMOS 41W,False,,Not Set
1719914700,7200,2024-07-02 12:05:00+02:00,50366,Vapor Pressure,1.263, kPa,3,1,9,A4100209,ATMOS 41W,False,,Not Set
1719914400,7200,2024-07-02 12:00:00+02:00,50365,Vapor Pressure,1.259, kPa,3,1,9,A4100209,ATMOS 41W,False,,Not Set
1719914100,7200,2024-07-02 11:55:00+02:00,50364,Vapor Pressure,1.287, kPa,3,1,9,A4100209,ATMOS 41W,False,,Not Set
1719913800,7200,2024-07-02 11:50:00+02:00,50363,Vapor Pressure,1.274, kPa,3,1,9,A4100209,ATMOS 41W,False,,Not Set
1719913500,7200,2024-07-02 11:45:00+02:00,50362,Vapor Pressure,1.293, kPa,3,1,9,A4100209,ATMOS 41W,False,,Not Set
1719913200,7200,2024-07-02 11:40:00+02:00,50361,Vapor Pressure,1.306, kPa,3,1,9,A4100209,ATMOS 41W,False,,Not Set
1719912900,7200,2024-07-02 11:35:00+02:00,50360,Vapor Pressure,1.298, kPa,3,1,9,A4100209,ATMOS 41W,False,,Not Set
1719912600,7200,2024-07-02 11:30:00+02:00,50359,Vapor Pressure,1.323, kPa,3,1,9,A4100209,ATMOS 41W,False,,Not Set
1719912300,7200,2024-07-02 11:25:00+02:00,50358,Vapor Pressure,1.329, kPa,3,1,9,A4100209,ATMOS 41W,False,,Not Set
1719912000,7200,2024-07-02 11:20:00+02:00,50357,Vapor Pressure,1.343, kPa,3,1,9,A4100209,ATMOS 41W,False,,Not Set
1719911700,7200,2024-07-02 11:15:00+02:00,50356,Vapor Pressure,1.326, kPa,3,1,9,A4100209,ATMOS 41W,False,,Not Set
1719911400,7200,2024-07-02 11:10:00+02:00,50355,Vapor Pressure,1.313, kPa,3,1,9,A4100209,ATMOS 41W,False,,Not Set
1719911100,7200,2024-07-02 11:05:00+02:00,50354,Vapor Pressure,1.319, kPa,3,1,9,A4100209,ATMOS 41W,False,,Not Set
1719910800,7200,2024-07-02 11:00:00+02:00,50353,Vapor Pressure,1.339, kPa,3,1,9,A4100209,ATMOS 41W,False,,Not Set
1719910500,7200,2024-07-02 10:55:00+02:00,50352,Vapor Pressure,1.361, kPa,3,1,9,A4100209,ATMOS 41W,False,,Not Set
1719910200,7200,2024-07-02 10:50:00+02:00,50351,Vapor Pressure,1.421, kPa,3,1,9,A4100209,ATMOS 41W,False,,Not Set
1719909900,7200,2024-07-02 10:45:00+02:00,50350,Vapor Pressure,1.41, kPa,3,1,9,A4100209,ATMOS 41W,False,,Not Set
1719909600,7200,2024-07-02 10:40:00+02:00,50349,Vapor Pressure,1.461, kPa,3,1,9,A4100209,ATMOS 41W,False,,Not Set
1719909300,7200,2024-07-02 10:35:00+02:00,50348,Vapor Pressure,1.467, kPa,3,1,9,A4100209,ATMOS 41W,False,,Not Set
1719909000,7200,2024-07-02 10:30:00+02:00,50347,Vapor Pressure,1.475, kPa,3,1,9,A4100209,ATMOS 41W,False,,Not Set
1719908700,7200,2024-07-02 10:25:00+02:00,50346,Vapor Pressure,1.491, kPa,3,1,9,A4100209,ATMOS 41W,False,,Not Set
1719908400,7200,2024-07-02 10:20:00+02:00,50345,Vapor Pressure,1.496, kPa,3,1,9,A4100209,ATMOS 41W,False,,Not Set
1719908100,7200,2024-07-02 10:15:00+02:00,50344,Vapor Pressure,1.469, kPa,3,1,9,A4100209,ATMOS 41W,False,,Not Set
1719907800,7200,2024-07-02 10:10:00+02:00,50343,Vapor Pressure,1.465, kPa,3,1,9,A4100209,ATMOS 41W,False,,Not Set
1719907500,7200,2024-07-02 10:05:00+02:00,50342,Vapor Pressure,1.512, kPa,3,1,9,A4100209,ATMOS 41W,False,,Not Set
1719907200,7200,2024-07-02 10:00:00+02:00,50341,Vapor Pressure,1.498, kPa,3,1,9,A4100209,ATMOS 41W,False,,Not Set
1719906900,7200,2024-07-02 09:55:00+02:00,50340,Vapor Pressure,1.463, kPa,3,1,9,A4100209,ATMOS 41W,False,,Not Set
1719906600,7200,2024-07-02 09:50:00+02:00,50339,Vapor Pressure,1.461, kPa,3,1,9,A4100209,ATMOS 41W,False,,Not Set
1719906300,7200,2024-07-02 09:45:00+02:00,50338,Vapor Pressure,1.442, kPa,3,1,9,A4100209,ATMOS 41W,False,,Not Set
1719906000,7200,2024-07-02 09:40:00+02:00,50337,Vapor Pressure,1.448, kPa,3,1,9,A4100209,ATMOS 41W,False,,Not Set
1719905700,7200,2024-07-02 09:35:00+02:00,50336,Vapor Pressure,1.456, kPa,3,1,9,A4100209,ATMOS 41W,False,,Not Set
1719905400,7200,2024-07-02 09:30:00+02:00,50335,Vapor Pressure,1.459, kPa,3,1,9,A4100209,ATMOS 41W,False,,Not Set
1719905100,7200,2024-07-02 09:25:00+02:00,50334,Vapor Pressure,1.451, kPa,3,1,9,A4100209,ATMOS 41W,False,,Not Set
1719904800,7200,2024-07-02 09:20:00+02:00,50333,Vapor Pressure,1.447, kPa,3,1,9,A4100209,ATMOS 41W,False,,Not Set
1719904500,7200,2024-07-02 09:15:00+02:00,50332,Vapor Pressure,1.472, kPa,3,1,9,A4100209,ATMOS 41W,False,,Not Set
1719904200,7200,2024-07-02 09:10:00+02:00,50331,Vapor Pressure,1.462, kPa,3,1,9,A4100209,ATMOS 41W,False,,Not Set
1719903900,7200,2024-07-02 09:05:00+02:00,50330,Vapor Pressure,1.452, kPa,3,1,9,A4100209,ATMOS 41W,False,,Not Set
1719903600,7200,2024-07-02 09:00:00+02:00,50329,Vapor Pressure,1.45, kPa,3,1,9,A4100209,ATMOS 41W,False,,Not Set
1719903300,7200,2024-07-02 08:55:00+02:00,50328,Vapor Pressure,1.462, kPa,3,1,9,A4100209,ATMOS 41W,False,,Not Set
1719903000,7200,2024-07-02 08:50:00+02:00,50327,Vapor Pressure,1.461, kPa,3,1,9,A4100209,ATMOS 41W,False,,Not Set
1719902700,7200,2024-07-02 08:45:00+02:00,50326,Vapor Pressure,1.466, kPa,3,1,9,A4100209,ATMOS 41W,False,,Not Set
1719902400,7200,2024-07-02 08:40:00+02:00,50325,Vapor Pressure,1.458, kPa,3,1,9,A4100209,ATMOS 41W,False,,Not Set
1719902100,7200,2024-07-02 08:35:00+02:00,50324,Vapor Pressure,1.458, kPa,3,1,9,A4100209,ATMOS 41W,False,,Not Set
1719901800,7200,2024-07-02 08:30:00+02:00,50323,Vapor Pressure,1.443, kPa,3,1,9,A4100209,ATMOS 41W,False,,Not Set
1719901500,7200,2024-07-02 08:25:00+02:00,50322,Vapor Pressure,1.428, kPa,3,1,9,A4100209,ATMOS 41W,False,,Not Set
1719901200,7200,2024-07-02 08:20:00+02:00,50321,Vapor Pressure,1.439, kPa,3,1,9,A4100209,ATMOS 41W,False,,Not Set
1719900900,7200,2024-07-02 08:15:00+02:00,50320,Vapor Pressure,1.469, kPa,3,1,9,A4100209,ATMOS 41W,False,,Not Set
1719900600,7200,2024-07-02 08:10:00+02:00,50319,Vapor Pressure,1.481, kPa,3,1,9,A4100209,ATMOS 41W,False,,Not Set
1719900300,7200,2024-07-02 08:05:00+02:00,50318,Vapor Pressure,1.492, kPa,3,1,9,A4100209,ATMOS 41W,False,,Not Set
1719900000,7200,2024-07-02 08:00:00+02:00,50317,Vapor Pressure,1.551, kPa,3,1,9,A4100209,ATMOS 41W,False,,Not Set
1719899700,7200,2024-07-02 07:55:00+02:00,50316,Vapor Pressure,1.537, kPa,3,1,9,A4100209,ATMOS 41W,False,,Not Set
1719899400,7200,2024-07-02 07:50:00+02:00,50315,Vapor Pressure,1.511, kPa,3,1,9,A4100209,ATMOS 41W,False,,Not Set
1719899100,7200,2024-07-02 07:45:00+02:00,50314,Vapor Pressure,1.538, kPa,3,1,9,A4100209,ATMOS 41W,False,,Not Set
1719898800,7200,2024-07-02 07:40:00+02:00,50313,Vapor Pressure,1.573, kPa,3,1,9,A4100209,ATMOS 41W,False,,Not Set
1719898500,7200,2024-07-02 07:35:00+02:00,50312,Vapor Pressure,1.568, kPa,3,1,9,A4100209,ATMOS 41W,False,,Not Set
1719898200,7200,2024-07-02 07:30:00+02:00,50311,Vapor Pressure,1.554, kPa,3,1,9,A4100209,ATMOS 41W,False,,Not Set
1719897900,7200,2024-07-02 07:25:00+02:00,50310,Vapor Pressure,1.534, kPa,3,1,9,A4100209,ATMOS 41W,False,,Not Set
1719897600,7200,2024-07-02 07:20:00+02:00,50309,Vapor Pressure,1.521, kPa,3,1,9,A4100209,ATMOS 41W,False,,Not Set
1719897300,7200,2024-07-02 07:15:00+02:00,50308,Vapor Pressure,1.521, kPa,3,1,9,A4100209,ATMOS 41W,False,,Not Set
1719897000,7200,2024-07-02 07:10:00+02:00,50307,Vapor Pressure,1.523, kPa,3,1,9,A4100209,ATMOS 41W,False,,Not Set
1719896700,7200,2024-07-02 07:05:00+02:00,50306,Vapor Pressure,1.555, kPa,3,1,9,A4100209,ATMOS 41W,False,,Not Set
1719896400,7200,2024-07-02 07:00:00+02:00,50305,Vapor Pressure,1.545, kPa,3,1,9,A4100209,ATMOS 41W,False,,Not Set
1719896100,7200,2024-07-02 06:55:00+02:00,50304,Vapor Pressure,1.54, kPa,3,1,9,A4100209,ATMOS 41W,False,,Not Set
1719895800,7200,2024-07-02 06:50:00+02:00,50303,Vapor Pressure,1.513, kPa,3,1,9,A4100209,ATMOS 41W,False,,Not Set
1719895500,7200,2024-07-02 06:45:00+02:00,50302,Vapor Pressure,1.486, kPa,3,1,9,A4100209,ATMOS 41W,False,,Not Set
1719895200,7200,2024-07-02 06:40:00+02:00,50301,Vapor Pressure,1.481, kPa,3,1,9,A4100209,ATMOS 41W,False,,Not Set
1719894900,7200,2024-07-02 06:35:00+02:00,50300,Vapor Pressure,1.459, kPa,3,1,9,A4100209,ATMOS 41W,False,,Not Set
1719894600,7200,2024-07-02 06:30:00+02:00,50299,Vapor Pressure,1.447, kPa,3,1,9,A4100209,ATMOS 41W,False,,Not Set
1719894300,7200,2024-07-02 06:25:00+02:00,50298,Vapor Pressure,1.465, kPa,3,1,9,A4100209,ATMOS 41W,False,,Not Set
1719894000,7200,2024-07-02 06:20:00+02:00,50297,Vapor Pressure,1.49, kPa,3,1,9,A4100209,ATMOS 41W,False,,Not Set
1719893700,7200,2024-07-02 06:15:00+02:00,50296,Vapor Pressure,1.521, kPa,3,1,9,A4100209,ATMOS 41W,False,,Not Set
1719893400,7200,2024-07-02 06:10:00+02:00,50295,Vapor Pressure,1.527, kPa,3,1,9,A4100209,ATMOS 41W,False,,Not Set
1719893100,7200,2024-07-02 06:05:00+02:00,50294,Vapor Pressure,1.507, kPa,3,1,9,A4100209,ATMOS 41W,False,,Not Set
1719892800,7200,2024-07-02 06:00:00+02:00,50293,Vapor Pressure,1.493, kPa,3,1,9,A4100209,ATMOS 41W,False,,Not Set
1719892500,7200,2024-07-02 05:55:00+02:00,50292,Vapor Pressure,1.465, kPa,3,1,9,A4100209,ATMOS 41W,False,,Not Set
1719892200,7200,2024-07-02 05:50:00+02:00,50291,Vapor Pressure,1.46, kPa,3,1,9,A4100209,ATMOS 41W,False,,Not Set
1719891900,7200,2024-07-02 05:45:00+02:00,50290,Vapor Pressure,1.462, kPa,3,1,9,A4100209,ATMOS 41W,False,,Not Set
1719891600,7200,2024-07-02 05:40:00+02:00,50289,Vapor Pressure,1.466, kPa,3,1,9,A4100209,ATMOS 41W,False,,Not Set
1719891300,7200,2024-07-02 05:35:00+02:00,50288,Vapor Pressure,1.471, kPa,3,1,9,A4100209,ATMOS 41W,False,,Not Set
1719891000,7200,2024-07-02 05:30:00+02:00,50287,Vapor Pressure,1.476, kPa,3,1,9,A4100209,ATMOS 41W,False,,Not Set
1719890700,7200,2024-07-02 05:25:00+02:00,50286,Vapor Pressure,1.484, kPa,3,1,9,A4100209,ATMOS 41W,False,,Not Set
1719890400,7200,2024-07-02 05:20:00+02:00,50285,Vapor Pressure,1.488, kPa,3,1,9,A4100209,ATMOS 41W,False,,Not Set
1719890100,7200,2024-07-02 05:15:00+02:00,50284,Vapor Pressure,1.49, kPa,3,1,9,A4100209,ATMOS 41W,False,,Not Set
1719889800,7200,2024-07-02 05:10:00+02:00,50283,Vapor Pressure,1.49, kPa,3,1,9,A4100209,ATMOS 41W,False,,Not Set
1719889500,7200,2024-07-02 05:05:00+02:00,50282,Vapor Pressure,1.492, kPa,3,1,9,A4100209,ATMOS 41W,False,,Not Set
1719889200,7200,2024-07-02 05:00:00+02:00,50281,Vapor Pressure,1.491, kPa,3,1,9,A4100209,ATMOS 41W,False,,Not Set
1719888900,7200,2024-07-02 04:55:00+02:00,50280,Vapor Pressure,1.5, kPa,3,1,9,A4100209,ATMOS 41W,False,,Not Set
1719888600,7200,2024-07-02 04:50:00+02:00,50279,Vapor Pressure,1.506, kPa,3,1,9,A4100209,ATMOS 41W,False,,Not Set
1719888300,7200,2024-07-02 04:45:00+02:00,50278,Vapor Pressure,1.509, kPa,3,1,9,A4100209,ATMOS 41W,False,,Not Set
1719888000,7200,2024-07-02 04:40:00+02:00,50277,Vapor Pressure,1.513, kPa,3,1,9,A4100209,ATMOS 41W,False,,Not Set
1719887700,7200,2024-07-02 04:35:00+02:00,50276,Vapor Pressure,1.513, kPa,3,1,9,A4100209,ATMOS 41W,False,,Not Set
1719887400,7200,2024-07-02 04:30:00+02:00,50275,Vapor Pressure,1.517, kPa,3,1,9,A4100209,ATMOS 41W,False,,Not Set
1719887100,7200,2024-07-02 04:25:00+02:00,50274,Vapor Pressure,1.519, kPa,3,1,9,A4100209,ATMOS 41W,False,,Not Set
1719886800,7200,2024-07-02 04:20:00+02:00,50273,Vapor Pressure,1.518, kPa,3,1,9,A4100209,ATMOS 41W,False,,Not Set
1719886500,7200,2024-07-02 04:15:00+02:00,50272,Vapor Pressure,1.521, kPa,3,1,9,A4100209,ATMOS 41W,False,,Not Set
1719886200,7200,2024-07-02 04:10:00+02:00,50271,Vapor Pressure,1.526, kPa,3,1,9,A4100209,ATMOS 41W,False,,Not Set
1719885900,7200,2024-07-02 04:05:00+02:00,50270,Vapor Pressure,1.527, kPa,3,1,9,A4100209,ATMOS 41W,False,,Not Set
1719885600,7200,2024-07-02 04:00:00+02:00,50269,Vapor Pressure,1.525, kPa,3,1,9,A4100209,ATMOS 41W,False,,Not Set
1719885300,7200,2024-07-02 03:55:00+02:00,50268,Vapor Pressure,1.522, kPa,3,1,9,A4100209,ATMOS 41W,False,,Not Set
1719885000,7200,2024-07-02 03:50:00+02:00,50267,Vapor Pressure,1.518, kPa,3,1,9,A4100209,ATMOS 41W,False,,Not Set
1719884700,7200,2024-07-02 03:45:00+02:00,50266,Vapor Pressure,1.52, kPa,3,1,9,A4100209,ATMOS 41W,False,,Not Set
1719884400,7200,2024-07-02 03:40:00+02:00,50265,Vapor Pressure,1.523, kPa,3,1,9,A4100209,ATMOS 41W,False,,Not Set
1719884100,7200,2024-07-02 03:35:00+02:00,50264,Vapor Pressure,1.532, kPa,3,1,9,A4100209,ATMOS 41W,False,,Not Set
1719883800,7200,2024-07-02 03:30:00+02:00,50263,Vapor Pressure,1.53, kPa,3,1,9,A4100209,ATMOS 41W,False,,Not Set
1719883500,7200,2024-07-02 03:25:00+02:00,50262,Vapor Pressure,1.532, kPa,3,1,9,A4100209,ATMOS 41W,False,,Not Set
1719883200,7200,2024-07-02 03:20:00+02:00,50261,Vapor Pressure,1.537, kPa,3,1,9,A4100209,ATMOS 41W,False,,Not Set
1719882900,7200,2024-07-02 03:15:00+02:00,50260,Vapor Pressure,1.542, kPa,3,1,9,A4100209,ATMOS 41W,False,,Not Set
1719882600,7200,2024-07-02 03:10:00+02:00,50259,Vapor Pressure,1.547, kPa,3,1,9,A4100209,ATMOS 41W,False,,Not Set
1719882300,7200,2024-07-02 03:05:00+02:00,50258,Vapor Pressure,1.548, kPa,3,1,9,A4100209,ATMOS 41W,False,,Not Set
1719882000,7200,2024-07-02 03:00:00+02:00,50257,Vapor Pressure,1.551, kPa,3,1,9,A4100209,ATMOS 41W,False,,Not Set
1719881700,7200,2024-07-02 02:55:00+02:00,50256,Vapor Pressure,1.554, kPa,3,1,9,A4100209,ATMOS 41W,False,,Not Set
1719881400,7200,2024-07-02 02:50:00+02:00,50255,Vapor Pressure,1.558, kPa,3,1,9,A4100209,ATMOS 41W,False,,Not Set
1719881100,7200,2024-07-02 02:45:00+02:00,50254,Vapor Pressure,1.562, kPa,3,1,9,A4100209,ATMOS 41W,False,,Not Set
1719880800,7200,2024-07-02 02:40:00+02:00,50253,Vapor Pressure,1.564, kPa,3,1,9,A4100209,ATMOS 41W,False,,Not Set
1719880500,7200,2024-07-02 02:35:00+02:00,50252,Vapor Pressure,1.567, kPa,3,1,9,A4100209,ATMOS 41W,False,,Not Set
1719880200,7200,2024-07-02 02:30:00+02:00,50251,Vapor Pressure,1.563, kPa,3,1,9,A4100209,ATMOS 41W,False,,Not Set
1719879900,7200,2024-07-02 02:25:00+02:00,50250,Vapor Pressure,1.568, kPa,3,1,9,A4100209,ATMOS 41W,False,,Not Set
1719879600,7200,2024-07-02 02:20:00+02:00,50249,Vapor Pressure,1.575, kPa,3,1,9,A4100209,ATMOS 41W,False,,Not Set
1719879300,7200,2024-07-02 02:15:00+02:00,50248,Vapor Pressure,1.587, kPa,3,1,9,A4100209,ATMOS 41W,False,,Not Set
1719879000,7200,2024-07-02 02:10:00+02:00,50247,Vapor Pressure,1.597, kPa,3,1,9,A4100209,ATMOS 41W,False,,Not Set
1719878700,7200,2024-07-02 02:05:00+02:00,50246,Vapor Pressure,1.612, kPa,3,1,9,A4100209,ATMOS 41W,False,,Not Set
1719878400,7200,2024-07-02 02:00:00+02:00,50245,Vapor Pressure,1.623, kPa,3,1,9,A4100209,ATMOS 41W,False,,Not Set
1719878100,7200,2024-07-02 01:55:00+02:00,50244,Vapor Pressure,1.636, kPa,3,1,9,A4100209,ATMOS 41W,False,,Not Set
1719877800,7200,2024-07-02 01:50:00+02:00,50243,Vapor Pressure,1.653, kPa,3,1,9,A4100209,ATMOS 41W,False,,Not Set
1719877500,7200,2024-07-02 01:45:00+02:00,50242,Vapor Pressure,1.671, kPa,3,1,9,A4100209,ATMOS 41W,False,,Not Set
1719877200,7200,2024-07-02 01:40:00+02:00,50241,Vapor Pressure,1.685, kPa,3,1,9,A4100209,ATMOS 41W,False,,Not Set
1719876900,7200,2024-07-02 01:35:00+02:00,50240,Vapor Pressure,1.702, kPa,3,1,9,A4100209,ATMOS 41W,False,,Not Set
1719876600,7200,2024-07-02 01:30:00+02:00,50239,Vapor Pressure,1.708, kPa,3,1,9,A4100209,ATMOS 41W,False,,Not Set
1719876300,7200,2024-07-02 01:25:00+02:00,50238,Vapor Pressure,1.721, kPa,3,1,9,A4100209,ATMOS 41W,False,,Not Set
1719876000,7200,2024-07-02 01:20:00+02:00,50237,Vapor Pressure,1.726, kPa,3,1,9,A4100209,ATMOS 41W,False,,Not Set
1719875700,7200,2024-07-02 01:15:00+02:00,50236,Vapor Pressure,1.735, kPa,3,1,9,A4100209,ATMOS 41W,False,,Not Set
1719875400,7200,2024-07-02 01:10:00+02:00,50235,Vapor Pressure,1.735, kPa,3,1,9,A4100209,ATMOS 41W,False,,Not Set
1719875100,7200,2024-07-02 01:05:00+02:00,50234,Vapor Pressure,1.735, kPa,3,1,9,A4100209,ATMOS 41W,False,,Not Set
1719874800,7200,2024-07-02 01:00:00+02:00,50233,Vapor Pressure,1.726, kPa,3,1,9,A4100209,ATMOS 41W,False,,Not Set
1719874500,7200,2024-07-02 00:55:00+02:00,50232,Vapor Pressure,1.726, kPa,3,1,9,A4100209,ATMOS 41W,False,,Not Set
1719874200,7200,2024-07-02 00:50:00+02:00,50231,Vapor Pressure,1.727, kPa,3,1,9,A4100209,ATMOS 41W,False,,Not Set
1719873900,7200,2024-07-02 00:45:00+02:00,50230,Vapor Pressure,1.726, kPa,3,1,9,A4100209,ATMOS 41W,False,,Not Set
1719873600,7200,2024-07-02 00:40:00+02:00,50229,Vapor Pressure,1.729, kPa,3,1,9,A4100209,ATMOS 41W,False,,Not Set
1719873300,7200,2024-07-02 00:35:00+02:00,50228,Vapor Pressure,1.729, kPa,3,1,9,A4100209,ATMOS 41W,False,,Not Set
1719873000,7200,2024-07-02 00:30:00+02:00,50227,Vapor Pressure,1.728, kPa,3,1,9,A4100209,ATMOS 41W,False,,Not Set
1719872700,7200,2024-07-02 00:25:00+02:00,50226,Vapor Pressure,1.731, kPa,3,1,9,A4100209,ATMOS 41W,False,,Not Set
1719872400,7200,2024-07-02 00:20:00+02:00,50225,Vapor Pressure,1.735, kPa,3,1,9,A4100209,ATMOS 41W,False,,Not Set
1719872100,7200,2024-07-02 00:15:00+02:00,50224,Vapor Pressure,1.738, kPa,3,1,9,A4100209,ATMOS 41W,False,,Not Set
1719871800,7200,2024-07-02 00:10:00+02:00,50223,Vapor Pressure,1.74, kPa,3,1,9,A4100209,ATMOS 41W,False,,Not Set
1719871500,7200,2024-07-02 00:05:00+02:00,50222,Vapor Pressure,1.738, kPa,3,1,9,A4100209,ATMOS 41W,False,,Not Set
1719871200,7200,2024-07-02 00:00:00+02:00,50221,Vapor Pressure,1.737, kPa,3,1,9,A4100209,ATMOS 41W,False,,Not Set
1719870900,7200,2024-07-01 23:55:00+02:00,50220,Vapor Pressure,1.735, kPa,3,1,9,A4100209,ATMOS 41W,False,,Not Set
1719870600,7200,2024-07-01 23:50:00+02:00,50219,Vapor Pressure,1.73, kPa,3,1,9,A4100209,ATMOS 41W,False,,Not Set
1719870300,7200,2024-07-01 23:45:00+02:00,50218,Vapor Pressure,1.724, kPa,3,1,9,A4100209,ATMOS 41W,False,,Not Set
1719870000,7200,2024-07-01 23:40:00+02:00,50217,Vapor Pressure,1.721, kPa,3,1,9,A4100209,ATMOS 41W,False,,Not Set
1719869700,7200,2024-07-01 23:35:00+02:00,50216,Vapor Pressure,1.718, kPa,3,1,9,A4100209,ATMOS 41W,False,,Not Set
1719869400,7200,2024-07-01 23:30:00+02:00,50215,Vapor Pressure,1.717, kPa,3,1,9,A4100209,ATMOS 41W,False,,Not Set
1719869100,7200,2024-07-01 23:25:00+02:00,50214,Vapor Pressure,1.716, kPa,3,1,9,A4100209,ATMOS 41W,False,,Not Set
1719868800,7200,2024-07-01 23:20:00+02:00,50213,Vapor Pressure,1.708, kPa,3,1,9,A4100209,ATMOS 41W,False,,Not Set
1719868500,7200,2024-07-01 23:15:00+02:00,50212,Vapor Pressure,1.706, kPa,3,1,9,A4100209,ATMOS 41W,False,,Not Set
1719868200,7200,2024-07-01 23:10:00+02:00,50211,Vapor Pressure,1.714, kPa,3,1,9,A4100209,ATMOS 41W,False,,Not Set
1719867900,7200,2024-07-01 23:05:00+02:00,50210,Vapor Pressure,1.717, kPa,3,1,9,A4100209,ATMOS 41W,False,,Not Set
1719867600,7200,2024-07-01 23:00:00+02:00,50209,Vapor Pressure,1.713, kPa,3,1,9,A4100209,ATMOS 41W,False,,Not Set
1719867300,7200,2024-07-01 22:55:00+02:00,50208,Vapor Pressure,1.714, kPa,3,1,9,A4100209,ATMOS 41W,False,,Not Set
1719867000,7200,2024-07-01 22:50:00+02:00,50207,Vapor Pressure,1.709, kPa,3,1,9,A4100209,ATMOS 41W,False,,Not Set
1719866700,7200,2024-07-01 22:45:00+02:00,50206,Vapor Pressure,1.712, kPa,3,1,9,A4100209,ATMOS 41W,False,,Not Set
1719866400,7200,2024-07-01 22:40:00+02:00,50205,Vapor Pressure,1.705, kPa,3,1,9,A4100209,ATMOS 41W,False,,Not Set
1719866100,7200,2024-07-01 22:35:00+02:00,50204,Vapor Pressure,1.701, kPa,3,1,9,A4100209,ATMOS 41W,False,,Not Set
1719865800,7200,2024-07-01 22:30:00+02:00,50203,Vapor Pressure,1.699, kPa,3,1,9,A4100209,ATMOS 41W,False,,Not Set
1719865500,7200,2024-07-01 22:25:00+02:00,50202,Vapor Pressure,1.696, kPa,3,1,9,A4100209,ATMOS 41W,False,,Not Set
1719865200,7200,2024-07-01 22:20:00+02:00,50201,Vapor Pressure,1.697, kPa,3,1,9,A4100209,ATMOS 41W,False,,Not Set
1719864900,7200,2024-07-01 22:15:00+02:00,50200,Vapor Pressure,1.681, kPa,3,1,9,A4100209,ATMOS 41W,False,,Not Set
1719864600,7200,2024-07-01 22:10:00+02:00,50199,Vapor Pressure,1.665, kPa,3,1,9,A4100209,ATMOS 41W,False,,Not Set
1719864300,7200,2024-07-01 22:05:00+02:00,50198,Vapor Pressure,1.647, kPa,3,1,9,A4100209,ATMOS 41W,False,,Not Set
1719864000,7200,2024-07-01 22:00:00+02:00,50197,Vapor Pressure,1.636, kPa,3,1,9,A4100209,ATMOS 41W,False,,Not Set
1719863700,7200,2024-07-01 21:55:00+02:00,50196,Vapor Pressure,1.631, kPa,3,1,9,A4100209,ATMOS 41W,False,,Not Set
1719863400,7200,2024-07-01 21:50:00+02:00,50195,Vapor Pressure,1.638, kPa,3,1,9,A4100209,ATMOS 41W,False,,Not Set
1719863100,7200,2024-07-01 21:45:00+02:00,50194,Vapor Pressure,1.634, kPa,3,1,9,A4100209,ATMOS 41W,False,,Not Set
1719862800,7200,2024-07-01 21:40:00+02:00,50193,Vapor Pressure,1.636, kPa,3,1,9,A4100209,ATMOS 41W,False,,Not Set
1719862500,7200,2024-07-01 21:35:00+02:00,50192,Vapor Pressure,1.628, kPa,3,1,9,A4100209,ATMOS 41W,False,,Not Set
1719862200,7200,2024-07-01 21:30:00+02:00,50191,Vapor Pressure,1.621, kPa,3,1,9,A4100209,ATMOS 41W,False,,Not Set
1719861900,7200,2024-07-01 21:25:00+02:00,50190,Vapor Pressure,1.625, kPa,3,1,9,A4100209,ATMOS 41W,False,,Not Set
1719861600,7200,2024-07-01 21:20:00+02:00,50189,Vapor Pressure,1.623, kPa,3,1,9,A4100209,ATMOS 41W,False,,Not Set
1719861300,7200,2024-07-01 21:15:00+02:00,50188,Vapor Pressure,1.611, kPa,3,1,9,A4100209,ATMOS 41W,False,,Not Set
1719861000,7200,2024-07-01 21:10:00+02:00,50187,Vapor Pressure,1.623, kPa,3,1,9,A4100209,ATMOS 41W,False,,Not Set
1719860700,7200,2024-07-01 21:05:00+02:00,50186,Vapor Pressure,1.626, kPa,3,1,9,A4100209,ATMOS 41W,False,,Not Set
1719860400,7200,2024-07-01 21:00:00+02:00,50185,Vapor Pressure,1.618, kPa,3,1,9,A4100209,ATMOS 41W,False,,Not Set
1719860100,7200,2024-07-01 20:55:00+02:00,50184,Vapor Pressure,1.61, kPa,3,1,9,A4100209,ATMOS 41W,False,,Not Set
1719859800,7200,2024-07-01 20:50:00+02:00,50183,Vapor Pressure,1.607, kPa,3,1,9,A4100209,ATMOS 41W,False,,Not Set
1719859500,7200,2024-07-01 20:45:00+02:00,50182,Vapor Pressure,1.602, kPa,3,1,9,A4100209,ATMOS 41W,False,,Not Set
1719859200,7200,2024-07-01 20:40:00+02:00,50181,Vapor Pressure,1.595, kPa,3,1,9,A4100209,ATMOS 41W,False,,Not Set
1719858900,7200,2024-07-01 20:35:00+02:00,50180,Vapor Pressure,1.593, kPa,3,1,9,A4100209,ATMOS 41W,False,,Not Set
1719858600,7200,2024-07-01 20:30:00+02:00,50179,Vapor Pressure,1.594, kPa,3,1,9,A4100209,ATMOS 41W,False,,Not Set
1719858300,7200,2024-07-01 20:25:00+02:00,50178,Vapor Pressure,1.594, kPa,3,1,9,A4100209,ATMOS 41W,False,,Not Set
1719858000,7200,2024-07-01 20:20:00+02:00,50177,Vapor Pressure,1.592, kPa,3,1,9,A4100209,ATMOS 41W,False,,Not Set
1719857700,7200,2024-07-01 20:15:00+02:00,50176,Vapor Pressure,1.583, kPa,3,1,9,A4100209,ATMOS 41W,False,,Not Set
1719857400,7200,2024-07-01 20:10:00+02:00,50175,Vapor Pressure,1.576, kPa,3,1,9,A4100209,ATMOS 41W,False,,Not Set
1719857100,7200,2024-07-01 20:05:00+02:00,50174,Vapor Pressure,1.581, kPa,3,1,9,A4100209,ATMOS 41W,False,,Not Set
1719856800,7200,2024-07-01 20:00:00+02:00,50173,Vapor Pressure,1.582, kPa,3,1,9,A4100209,ATMOS 41W,False,,Not Set
1719856500,7200,2024-07-01 19:55:00+02:00,50172,Vapor Pressure,1.586, kPa,3,1,9,A4100209,ATMOS 41W,False,,Not Set
1719856200,7200,2024-07-01 19:50:00+02:00,50171,Vapor Pressure,1.588, kPa,3,1,9,A4100209,ATMOS 41W,False,,Not Set
1719855900,7200,2024-07-01 19:45:00+02:00,50170,Vapor Pressure,1.581, kPa,3,1,9,A4100209,ATMOS 41W,False,,Not Set
1719855600,7200,2024-07-01 19:40:00+02:00,50169,Vapor Pressure,1.583, kPa,3,1,9,A4100209,ATMOS 41W,False,,Not Set
1719855300,7200,2024-07-01 19:35:00+02:00,50168,Vapor Pressure,1.586, kPa,3,1,9,A4100209,ATMOS 41W,False,,Not Set
1719855000,7200,2024-07-01 19:30:00+02:00,50167,Vapor Pressure,1.586, kPa,3,1,9,A4100209,ATMOS 41W,False,,Not Set
1719854700,7200,2024-07-01 19:25:00+02:00,50166,Vapor Pressure,1.584, kPa,3,1,9,A4100209,ATMOS 41W,False,,Not Set
1719854400,7200,2024-07-01 19:20:00+02:00,50165,Vapor Pressure,1.582, kPa,3,1,9,A4100209,ATMOS 41W,False,,Not Set
1719854100,7200,2024-07-01 19:15:00+02:00,50164,Vapor Pressure,1.586, kPa,3,1,9,A4100209,ATMOS 41W,False,,Not Set
1719853800,7200,2024-07-01 19:10:00+02:00,50163,Vapor Pressure,1.583, kPa,3,1,9,A4100209,ATMOS 41W,False,,Not Set
1719853500,7200,2024-07-01 19:05:00+02:00,50162,Vapor Pressure,1.583, kPa,3,1,9,A4100209,ATMOS 41W,False,,Not Set
1719853200,7200,2024-07-01 19:00:00+02:00,50161,Vapor Pressure,1.585, kPa,3,1,9,A4100209,ATMOS 41W,False,,Not Set
1719852900,7200,2024-07-01 18:55:00+02:00,50160,Vapor Pressure,1.587, kPa,3,1,9,A4100209,ATMOS 41W,False,,Not Set
1719852600,7200,2024-07-01 18:50:00+02:00,50159,Vapor Pressure,1.592, kPa,3,1,9,A4100209,ATMOS 41W,False,,Not Set
1719852300,7200,2024-07-01 18:45:00+02:00,50158,Vapor Pressure,1.598, kPa,3,1,9,A4100209,ATMOS 41W,False,,Not Set
1719852000,7200,2024-07-01 18:40:00+02:00,50157,Vapor Pressure,1.601, kPa,3,1,9,A4100209,ATMOS 41W,False,,Not Set
1719851700,7200,2024-07-01 18:35:00+02:00,50156,Vapor Pressure,1.612, kPa,3,1,9,A4100209,ATMOS 41W,False,,Not Set
1719851400,7200,2024-07-01 18:30:00+02:00,50155,Vapor Pressure,1.618, kPa,3,1,9,A4100209,ATMOS 41W,False,,Not Set
1719851100,7200,2024-07-01 18:25:00+02:00,50154,Vapor Pressure,1.622, kPa,3,1,9,A4100209,ATMOS 41W,False,,Not Set
1719850800,7200,2024-07-01 18:20:00+02:00,50153,Vapor Pressure,1.619, kPa,3,1,9,A4100209,ATMOS 41W,False,,Not Set
1719850500,7200,2024-07-01 18:15:00+02:00,50152,Vapor Pressure,1.606, kPa,3,1,9,A4100209,ATMOS 41W,False,,Not Set
1719850200,7200,2024-07-01 18:10:00+02:00,50151,Vapor Pressure,1.598, kPa,3,1,9,A4100209,ATMOS 41W,False,,Not Set
1719849900,7200,2024-07-01 18:05:00+02:00,50150,Vapor Pressure,1.606, kPa,3,1,9,A4100209,ATMOS 41W,False,,Not Set
1719849600,7200,2024-07-01 18:00:00+02:00,50149,Vapor Pressure,1.608, kPa,3,1,9,A4100209,ATMOS 41W,False,,Not Set
1719849300,7200,2024-07-01 17:55:00+02:00,50148,Vapor Pressure,1.599, kPa,3,1,9,A4100209,ATMOS 41W,False,,Not Set
1719849000,7200,2024-07-01 17:50:00+02:00,50147,Vapor Pressure,1.597, kPa,3,1,9,A4100209,ATMOS 41W,False,,Not Set
1719848700,7200,2024-07-01 17:45:00+02:00,50146,Vapor Pressure,1.599, kPa,3,1,9,A4100209,ATMOS 41W,False,,Not Set
1719848400,7200,2024-07-01 17:40:00+02:00,50145,Vapor Pressure,1.6, kPa,3,1,9,A4100209,ATMOS 41W,False,,Not Set
1719848100,7200,2024-07-01 17:35:00+02:00,50144,Vapor Pressure,1.597, kPa,3,1,9,A4100209,ATMOS 41W,False,,Not Set
1719847800,7200,2024-07-01 17:30:00+02:00,50143,Vapor Pressure,1.604, kPa,3,1,9,A4100209,ATMOS 41W,False,,Not Set
1719847500,7200,2024-07-01 17:25:00+02:00,50142,Vapor Pressure,1.59, kPa,3,1,9,A4100209,ATMOS 41W,False,,Not Set
1719847200,7200,2024-07-01 17:20:00+02:00,50141,Vapor Pressure,1.587, kPa,3,1,9,A4100209,ATMOS 41W,False,,Not Set
1719846900,7200,2024-07-01 17:15:00+02:00,50140,Vapor Pressure,1.586, kPa,3,1,9,A4100209,ATMOS 41W,False,,Not Set
1719846600,7200,2024-07-01 17:10:00+02:00,50139,Vapor Pressure,1.609, kPa,3,1,9,A4100209,ATMOS 41W,False,,Not Set
1719846300,7200,2024-07-01 17:05:00+02:00,50138,Vapor Pressure,1.65, kPa,3,1,9,A4100209,ATMOS 41W,False,,Not Set
1719846000,7200,2024-07-01 17:00:00+02:00,50137,Vapor Pressure,1.636, kPa,3,1,9,A4100209,ATMOS 41W,False,,Not Set
1719845700,7200,2024-07-01 16:55:00+02:00,50136,Vapor Pressure,1.638, kPa,3,1,9,A4100209,ATMOS 41W,False,,Not Set
1719845400,7200,2024-07-01 16:50:00+02:00,50135,Vapor Pressure,1.629, kPa,3,1,9,A4100209,ATMOS 41W,False,,Not Set
1719845100,7200,2024-07-01 16:45:00+02:00,50134,Vapor Pressure,1.636, kPa,3,1,9,A4100209,ATMOS 41W,False,,Not Set
1719844800,7200,2024-07-01 16:40:00+02:00,50133,Vapor Pressure,1.634, kPa,3,1,9,A4100209,ATMOS 41W,False,,Not Set
1719844500,7200,2024-07-01 16:35:00+02:00,50132,Vapor Pressure,1.634, kPa,3,1,9,A4100209,ATMOS 41W,False,,Not Set
1719844200,7200,2024-07-01 16:30:00+02:00,50131,Vapor Pressure,1.626, kPa,3,1,9,A4100209,ATMOS 41W,False,,Not Set
1719843900,7200,2024-07-01 16:25:00+02:00,50130,Vapor Pressure,1.627, kPa,3,1,9,A4100209,ATMOS 41W,False,,Not Set
1719843600,7200,2024-07-01 16:20:00+02:00,50129,Vapor Pressure,1.613, kPa,3,1,9,A4100209,ATMOS 41W,False,,Not Set
1719843300,7200,2024-07-01 16:15:00+02:00,50128,Vapor Pressure,1.627, kPa,3,1,9,A4100209,ATMOS 41W,False,,Not Set
1719843000,7200,2024-07-01 16:10:00+02:00,50127,Vapor Pressure,1.63, kPa,3,1,9,A4100209,ATMOS 41W,False,,Not Set
1719842700,7200,2024-07-01 16:05:00+02:00,50126,Vapor Pressure,1.632, kPa,3,1,9,A4100209,ATMOS 41W,False,,Not Set
1719842400,7200,2024-07-01 16:00:00+02:00,50125,Vapor Pressure,1.611, kPa,3,1,9,A4100209,ATMOS 41W,False,,Not Set
1719842100,7200,2024-07-01 15:55:00+02:00,50124,Vapor Pressure,1.623, kPa,3,1,9,A4100209,ATMOS 41W,False,,Not Set
1719841800,7200,2024-07-01 15:50:00+02:00,50123,Vapor Pressure,1.644, kPa,3,1,9,A4100209,ATMOS 41W,False,,Not Set
1719841500,7200,2024-07-01 15:45:00+02:00,50122,Vapor Pressure,1.637, kPa,3,1,9,A4100209,ATMOS 41W,False,,Not Set
1719841200,7200,2024-07-01 15:40:00+02:00,50121,Vapor Pressure,1.628, kPa,3,1,9,A4100209,ATMOS 41W,False,,Not Set
1719840900,7200,2024-07-01 15:35:00+02:00,50120,Vapor Pressure,1.627, kPa,3,1,9,A4100209,ATMOS 41W,False,,Not Set
1719840600,7200,2024-07-01 15:30:00+02:00,50119,Vapor Pressure,1.609, kPa,3,1,9,A4100209,ATMOS 41W,False,,Not Set
1719840300,7200,2024-07-01 15:25:00+02:00,50118,Vapor Pressure,1.598, kPa,3,1,9,A4100209,ATMOS 41W,False,,Not Set
1719840000,7200,2024-07-01 15:20:00+02:00,50117,Vapor Pressure,1.612, kPa,3,1,9,A4100209,ATMOS 41W,False,,Not Set
1719839700,7200,2024-07-01 15:15:00+02:00,50116,Vapor Pressure,1.627, kPa,3,1,9,A4100209,ATMOS 41W,False,,Not Set
1719839400,7200,2024-07-01 15:10:00+02:00,50115,Vapor Pressure,1.633, kPa,3,1,9,A4100209,ATMOS 41W,False,,Not Set
1719839100,7200,2024-07-01 15:05:00+02:00,50114,Vapor Pressure,1.644, kPa,3,1,9,A4100209,ATMOS 41W,False,,Not Set
1719838800,7200,2024-07-01 15:00:00+02:00,50113,Vapor Pressure,1.639, kPa,3,1,9,A4100209,ATMOS 41W,False,,Not Set
1719838500,7200,2024-07-01 14:55:00+02:00,50112,Vapor Pressure,1.677, kPa,3,1,9,A4100209,ATMOS 41W,False,,Not Set
1719838200,7200,2024-07-01 14:50:00+02:00,50111,Vapor Pressure,1.671, kPa,3,1,9,A4100209,ATMOS 41W,False,,Not Set
1719837900,7200,2024-07-01 14:45:00+02:00,50110,Vapor Pressure,1.637, kPa,3,1,9,A4100209,ATMOS 41W,False,,Not Set
1719837600,7200,2024-07-01 14:40:00+02:00,50109,Vapor Pressure,1.621, kPa,3,1,9,A4100209,ATMOS 41W,False,,Not Set
1719837300,7200,2024-07-01 14:35:00+02:00,50108,Vapor Pressure,1.613, kPa,3,1,9,A4100209,ATMOS 41W,False,,Not Set
1719837000,7200,2024-07-01 14:30:00+02:00,50107,Vapor Pressure,1.614, kPa,3,1,9,A4100209,ATMOS 41W,False,,Not Set
1719836700,7200,2024-07-01 14:25:00+02:00,50106,Vapor Pressure,1.61, kPa,3,1,9,A4100209,ATMOS 41W,False,,Not Set
1719836400,7200,2024-07-01 14:20:00+02:00,50105,Vapor Pressure,1.621, kPa,3,1,9,A4100209,ATMOS 41W,False,,Not Set
1719836100,7200,2024-07-01 14:15:00+02:00,50104,Vapor Pressure,1.634, kPa,3,1,9,A4100209,ATMOS 41W,False,,Not Set
1719835800,7200,2024-07-01 14:10:00+02:00,50103,Vapor Pressure,1.647, kPa,3,1,9,A4100209,ATMOS 41W,False,,Not Set
1719835500,7200,2024-07-01 14:05:00+02:00,50102,Vapor Pressure,1.659, kPa,3,1,9,A4100209,ATMOS 41W,False,,Not Set
1719835200,7200,2024-07-01 14:00:00+02:00,50101,Vapor Pressure,1.675, kPa,3,1,9,A4100209,ATMOS 41W,False,,Not Set
1719834900,7200,2024-07-01 13:55:00+02:00,50100,Vapor Pressure,1.675, kPa,3,1,9,A4100209,ATMOS 41W,False,,Not Set
1719834600,7200,2024-07-01 13:50:00+02:00,50099,Vapor Pressure,1.687, kPa,3,1,9,A4100209,ATMOS 41W,False,,Not Set
1719834300,7200,2024-07-01 13:45:00+02:00,50098,Vapor Pressure,1.666, kPa,3,1,9,A4100209,ATMOS 41W,False,,Not Set
1719834000,7200,2024-07-01 13:40:00+02:00,50097,Vapor Pressure,1.695, kPa,3,1,9,A4100209,ATMOS 41W,False,,Not Set
1719833700,7200,2024-07-01 13:35:00+02:00,50096,Vapor Pressure,1.745, kPa,3,1,9,A4100209,ATMOS 41W,False,,Not Set
1719833400,7200,2024-07-01 13:30:00+02:00,50095,Vapor Pressure,1.74, kPa,3,1,9,A4100209,ATMOS 41W,False,,Not Set
1719833100,7200,2024-07-01 13:25:00+02:00,50094,Vapor Pressure,1.722, kPa,3,1,9,A4100209,ATMOS 41W,False,,Not Set
1719832800,7200,2024-07-01 13:20:00+02:00,50093,Vapor Pressure,1.681, kPa,3,1,9,A4100209,ATMOS 41W,False,,Not Set
1719832500,7200,2024-07-01 13:15:00+02:00,50092,Vapor Pressure,1.658, kPa,3,1,9,A4100209,ATMOS 41W,False,,Not Set
1719832200,7200,2024-07-01 13:10:00+02:00,50091,Vapor Pressure,1.665, kPa,3,1,9,A4100209,ATMOS 41W,False,,Not Set
1719831900,7200,2024-07-01 13:05:00+02:00,50090,Vapor Pressure,1.654, kPa,3,1,9,A4100209,ATMOS 41W,False,,Not Set
1719831600,7200,2024-07-01 13:00:00+02:00,50089,Vapor Pressure,1.669, kPa,3,1,9,A4100209,ATMOS 41W,False,,Not Set
1719831300,7200,2024-07-01 12:55:00+02:00,50088,Vapor Pressure,1.712, kPa,3,1,9,A4100209,ATMOS 41W,False,,Not Set
1719831000,7200,2024-07-01 12:50:00+02:00,50087,Vapor Pressure,1.695, kPa,3,1,9,A4100209,ATMOS 41W,False,,Not Set
1719830700,7200,2024-07-01 12:45:00+02:00,50086,Vapor Pressure,1.708, kPa,3,1,9,A4100209,ATMOS 41W,False,,Not Set
1719830400,7200,2024-07-01 12:40:00+02:00,50085,Vapor Pressure,1.724, kPa,3,1,9,A4100209,ATMOS 41W,False,,Not Set
1719830100,7200,2024-07-01 12:35:00+02:00,50084,Vapor Pressure,1.755, kPa,3,1,9,A4100209,ATMOS 41W,False,,Not Set
1719829800,7200,2024-07-01 12:30:00+02:00,50083,Vapor Pressure,1.739, kPa,3,1,9,A4100209,ATMOS 41W,False,,Not Set
1719829500,7200,2024-07-01 12:25:00+02:00,50082,Vapor Pressure,1.73, kPa,3,1,9,A4100209,ATMOS 41W,False,,Not Set
1719829200,7200,2024-07-01 12:20:00+02:00,50081,Vapor Pressure,1.751, kPa,3,1,9,A4100209,ATMOS 41W,False,,Not Set
1719828900,7200,2024-07-01 12:15:00+02:00,50080,Vapor Pressure,1.758, kPa,3,1,9,A4100209,ATMOS 41W,False,,Not Set
1719828600,7200,2024-07-01 12:10:00+02:00,50079,Vapor Pressure,1.776, kPa,3,1,9,A4100209,ATMOS 41W,False,,Not Set
1719828300,7200,2024-07-01 12:05:00+02:00,50078,Vapor Pressure,1.803, kPa,3,1,9,A4100209,ATMOS 41W,False,,Not Set
1719828000,7200,2024-07-01 12:00:00+02:00,50077,Vapor Pressure,1.802, kPa,3,1,9,A4100209,ATMOS 41W,False,,Not Set
1719827700,7200,2024-07-01 11:55:00+02:00,50076,Vapor Pressure,1.782, kPa,3,1,9,A4100209,ATMOS 41W,False,,Not Set
1719827400,7200,2024-07-01 11:50:00+02:00,50075,Vapor Pressure,1.776, kPa,3,1,9,A4100209,ATMOS 41W,False,,Not Set
1719827100,7200,2024-07-01 11:45:00+02:00,50074,Vapor Pressure,1.738, kPa,3,1,9,A4100209,ATMOS 41W,False,,Not Set
1719826800,7200,2024-07-01 11:40:00+02:00,50073,Vapor Pressure,1.731, kPa,3,1,9,A4100209,ATMOS 41W,False,,Not Set
1719826500,7200,2024-07-01 11:35:00+02:00,50072,Vapor Pressure,1.728, kPa,3,1,9,A4100209,ATMOS 41W,False,,Not Set
1719826200,7200,2024-07-01 11:30:00+02:00,50071,Vapor Pressure,1.706, kPa,3,1,9,A4100209,ATMOS 41W,False,,Not Set
1719825900,7200,2024-07-01 11:25:00+02:00,50070,Vapor Pressure,1.702, kPa,3,1,9,A4100209,ATMOS 41W,False,,Not Set
1719825600,7200,2024-07-01 11:20:00+02:00,50069,Vapor Pressure,1.729, kPa,3,1,9,A4100209,ATMOS 41W,False,,Not Set
1719825300,7200,2024-07-01 11:15:00+02:00,50068,Vapor Pressure,1.741, kPa,3,1,9,A4100209,ATMOS 41W,False,,Not Set
1719825000,7200,2024-07-01 11:10:00+02:00,50067,Vapor Pressure,1.793, kPa,3,1,9,A4100209,ATMOS 41W,False,,Not Set
1719824700,7200,2024-07-01 11:05:00+02:00,50066,Vapor Pressure,1.81, kPa,3,1,9,A4100209,ATMOS 41W,False,,Not Set
1719824400,7200,2024-07-01 11:00:00+02:00,50065,Vapor Pressure,1.834, kPa,3,1,9,A4100209,ATMOS 41W,False,,Not Set
1719824100,7200,2024-07-01 10:55:00+02:00,50064,Vapor Pressure,1.807, kPa,3,1,9,A4100209,ATMOS 41W,False,,Not Set
1719823800,7200,2024-07-01 10:50:00+02:00,50063,Vapor Pressure,1.778, kPa,3,1,9,A4100209,ATMOS 41W,False,,Not Set
1719823500,7200,2024-07-01 10:45:00+02:00,50062,Vapor Pressure,1.819, kPa,3,1,9,A4100209,ATMOS 41W,False,,Not Set
1719823200,7200,2024-07-01 10:40:00+02:00,50061,Vapor Pressure,1.832, kPa,3,1,9,A4100209,ATMOS 41W,False,,Not Set
1719822900,7200,2024-07-01 10:35:00+02:00,50060,Vapor Pressure,1.848, kPa,3,1,9,A4100209,ATMOS 41W,False,,Not Set
1719822600,7200,2024-07-01 10:30:00+02:00,50059,Vapor Pressure,1.877, kPa,3,1,9,A4100209,ATMOS 41W,False,,Not Set
1719822300,7200,2024-07-01 10:25:00+02:00,50058,Vapor Pressure,1.888, kPa,3,1,9,A4100209,ATMOS 41W,False,,Not Set
1719822000,7200,2024-07-01 10:20:00+02:00,50057,Vapor Pressure,1.881, kPa,3,1,9,A4100209,ATMOS 41W,False,,Not Set
1719821700,7200,2024-07-01 10:15:00+02:00,50056,Vapor Pressure,1.854, kPa,3,1,9,A4100209,ATMOS 41W,False,,Not Set
1719821400,7200,2024-07-01 10:10:00+02:00,50055,Vapor Pressure,1.781, kPa,3,1,9,A4100209,ATMOS 41W,False,,Not Set
1719821100,7200,2024-07-01 10:05:00+02:00,50054,Vapor Pressure,1.776, kPa,3,1,9,A4100209,ATMOS 41W,False,,Not Set
1719820800,7200,2024-07-01 10:00:00+02:00,50053,Vapor Pressure,1.765, kPa,3,1,9,A4100209,ATMOS 41W,False,,Not Set
1719820500,7200,2024-07-01 09:55:00+02:00,50052,Vapor Pressure,1.755, kPa,3,1,9,A4100209,ATMOS 41W,False,,Not Set
1719820200,7200,2024-07-01 09:50:00+02:00,50051,Vapor Pressure,1.75, kPa,3,1,9,A4100209,ATMOS 41W,False,,Not Set
1719819900,7200,2024-07-01 09:45:00+02:00,50050,Vapor Pressure,1.747, kPa,3,1,9,A4100209,ATMOS 41W,False,,Not Set
1719819600,7200,2024-07-01 09:40:00+02:00,50049,Vapor Pressure,1.757, kPa,3,1,9,A4100209,ATMOS 41W,False,,Not Set
1719819300,7200,2024-07-01 09:35:00+02:00,50048,Vapor Pressure,1.767, kPa,3,1,9,A4100209,ATMOS 41W,False,,Not Set
1719819000,7200,2024-07-01 09:30:00+02:00,50047,Vapor Pressure,1.764, kPa,3,1,9,A4100209,ATMOS 41W,False,,Not Set
1719818700,7200,2024-07-01 09:25:00+02:00,50046,Vapor Pressure,1.755, kPa,3,1,9,A4100209,ATMOS 41W,False,,Not Set
1719818400,7200,2024-07-01 09:20:00+02:00,50045,Vapor Pressure,1.751, kPa,3,1,9,A4100209,ATMOS 41W,False,,Not Set
1719818100,7200,2024-07-01 09:15:00+02:00,50044,Vapor Pressure,1.748, kPa,3,1,9,A4100209,ATMOS 41W,False,,Not Set
1719817800,7200,2024-07-01 09:10:00+02:00,50043,Vapor Pressure,1.749, kPa,3,1,9,A4100209,ATMOS 41W,False,,Not Set
1719817500,7200,2024-07-01 09:05:00+02:00,50042,Vapor Pressure,1.751, kPa,3,1,9,A4100209,ATMOS 41W,False,,Not Set
1719817200,7200,2024-07-01 09:00:00+02:00,50041,Vapor Pressure,1.755, kPa,3,1,9,A4100209,ATMOS 41W,False,,Not Set
1719816900,7200,2024-07-01 08:55:00+02:00,50040,Vapor Pressure,1.762, kPa,3,1,9,A4100209,ATMOS 41W,False,,Not Set
1719816600,7200,2024-07-01 08:50:00+02:00,50039,Vapor Pressure,1.77, kPa,3,1,9,A4100209,ATMOS 41W,False,,Not Set
1719816300,7200,2024-07-01 08:45:00+02:00,50038,Vapor Pressure,1.775, kPa,3,1,9,A4100209,ATMOS 41W,False,,Not Set
1719816000,7200,2024-07-01 08:40:00+02:00,50037,Vapor Pressure,1.786, kPa,3,1,9,A4100209,ATMOS 41W,False,,Not Set
1719815700,7200,2024-07-01 08:35:00+02:00,50036,Vapor Pressure,1.798, kPa,3,1,9,A4100209,ATMOS 41W,False,,Not Set
1719815400,7200,2024-07-01 08:30:00+02:00,50035,Vapor Pressure,1.8, kPa,3,1,9,A4100209,ATMOS 41W,False,,Not Set
1719815100,7200,2024-07-01 08:25:00+02:00,50034,Vapor Pressure,1.799, kPa,3,1,9,A4100209,ATMOS 41W,False,,Not Set
1719814800,7200,2024-07-01 08:20:00+02:00,50033,Vapor Pressure,1.809, kPa,3,1,9,A4100209,ATMOS 41W,False,,Not Set
1719814500,7200,2024-07-01 08:15:00+02:00,50032,Vapor Pressure,1.807, kPa,3,1,9,A4100209,ATMOS 41W,False,,Not Set
1719814200,7200,2024-07-01 08:10:00+02:00,50031,Vapor Pressure,1.803, kPa,3,1,9,A4100209,ATMOS 41W,False,,Not Set
1719813900,7200,2024-07-01 08:05:00+02:00,50030,Vapor Pressure,1.796, kPa,3,1,9,A4100209,ATMOS 41W,False,,Not Set
1719813600,7200,2024-07-01 08:00:00+02:00,50029,Vapor Pressure,1.798, kPa,3,1,9,A4100209,ATMOS 41W,False,,Not Set
1719813300,7200,2024-07-01 07:55:00+02:00,50028,Vapor Pressure,1.816, kPa,3,1,9,A4100209,ATMOS 41W,False,,Not Set
1719813000,7200,2024-07-01 07:50:00+02:00,50027,Vapor Pressure,1.825, kPa,3,1,9,A4100209,ATMOS 41W,False,,Not Set
1719812700,7200,2024-07-01 07:45:00+02:00,50026,Vapor Pressure,1.824, kPa,3,1,9,A4100209,ATMOS 41W,False,,Not Set
1719812400,7200,2024-07-01 07:40:00+02:00,50025,Vapor Pressure,1.817, kPa,3,1,9,A4100209,ATMOS 41W,False,,Not Set
1719812100,7200,2024-07-01 07:35:00+02:00,50024,Vapor Pressure,1.806, kPa,3,1,9,A4100209,ATMOS 41W,False,,Not Set
1719811800,7200,2024-07-01 07:30:00+02:00,50023,Vapor Pressure,1.789, kPa,3,1,9,A4100209,ATMOS 41W,False,,Not Set
1719811500,7200,2024-07-01 07:25:00+02:00,50022,Vapor Pressure,1.771, kPa,3,1,9,A4100209,ATMOS 41W,False,,Not Set
1719811200,7200,2024-07-01 07:20:00+02:00,50021,Vapor Pressure,1.764, kPa,3,1,9,A4100209,ATMOS 41W,False,,Not Set
1719810900,7200,2024-07-01 07:15:00+02:00,50020,Vapor Pressure,1.763, kPa,3,1,9,A4100209,ATMOS 41W,False,,Not Set
1719810600,7200,2024-07-01 07:10:00+02:00,50019,Vapor Pressure,1.761, kPa,3,1,9,A4100209,ATMOS 41W,False,,Not Set
1719810300,7200,2024-07-01 07:05:00+02:00,50018,Vapor Pressure,1.766, kPa,3,1,9,A4100209,ATMOS 41W,False,,Not Set
1719810000,7200,2024-07-01 07:00:00+02:00,50017,Vapor Pressure,1.763, kPa,3,1,9,A4100209,ATMOS 41W,False,,Not Set
1719809700,7200,2024-07-01 06:55:00+02:00,50016,Vapor Pressure,1.759, kPa,3,1,9,A4100209,ATMOS 41W,False,,Not Set
1719809400,7200,2024-07-01 06:50:00+02:00,50015,Vapor Pressure,1.756, kPa,3,1,9,A4100209,ATMOS 41W,False,,Not Set
1719809100,7200,2024-07-01 06:45:00+02:00,50014,Vapor Pressure,1.756, kPa,3,1,9,A4100209,ATMOS 41W,False,,Not Set
1719808800,7200,2024-07-01 06:40:00+02:00,50013,Vapor Pressure,1.756, kPa,3,1,9,A4100209,ATMOS 41W,False,,Not Set
1719808500,7200,2024-07-01 06:35:00+02:00,50012,Vapor Pressure,1.76, kPa,3,1,9,A4100209,ATMOS 41W,False,,Not Set
1719808200,7200,2024-07-01 06:30:00+02:00,50011,Vapor Pressure,1.764, kPa,3,1,9,A4100209,ATMOS 41W,False,,Not Set
1719807900,7200,2024-07-01 06:25:00+02:00,50010,Vapor Pressure,1.765, kPa,3,1,9,A4100209,ATMOS 41W,False,,Not Set
1719807600,7200,2024-07-01 06:20:00+02:00,50009,Vapor Pressure,1.769, kPa,3,1,9,A4100209,ATMOS 41W,False,,Not Set
1719807300,7200,2024-07-01 06:15:00+02:00,50008,Vapor Pressure,1.775, kPa,3,1,9,A4100209,ATMOS 41W,False,,Not Set
1719807000,7200,2024-07-01 06:10:00+02:00,50007,Vapor Pressure,1.778, kPa,3,1,9,A4100209,ATMOS 41W,False,,Not Set
1719806700,7200,2024-07-01 06:05:00+02:00,50006,Vapor Pressure,1.782, kPa,3,1,9,A4100209,ATMOS 41W,False,,Not Set
1719806400,7200,2024-07-01 06:00:00+02:00,50005,Vapor Pressure,1.786, kPa,3,1,9,A4100209,ATMOS 41W,False,,Not Set
1719806100,7200,2024-07-01 05:55:00+02:00,50004,Vapor Pressure,1.79, kPa,3,1,9,A4100209,ATMOS 41W,False,,Not Set
1719805800,7200,2024-07-01 05:50:00+02:00,50003,Vapor Pressure,1.789, kPa,3,1,9,A4100209,ATMOS 41W,False,,Not Set
1719805500,7200,2024-07-01 05:45:00+02:00,50002,Vapor Pressure,1.788, kPa,3,1,9,A4100209,ATMOS 41W,False,,Not Set
1719805200,7200,2024-07-01 05:40:00+02:00,50001,Vapor Pressure,1.786, kPa,3,1,9,A4100209,ATMOS 41W,False,,Not Set
1719804900,7200,2024-07-01 05:35:00+02:00,50000,Vapor Pressure,1.786, kPa,3,1,9,A4100209,ATMOS 41W,False,,Not Set
1719804600,7200,2024-07-01 05:30:00+02:00,49999,Vapor Pressure,1.786, kPa,3,1,9,A4100209,ATMOS 41W,False,,Not Set
1719804300,7200,2024-07-01 05:25:00+02:00,49998,Vapor Pressure,1.788, kPa,3,1,9,A4100209,ATMOS 41W,False,,Not Set
1719804000,7200,2024-07-01 05:20:00+02:00,49997,Vapor Pressure,1.789, kPa,3,1,9,A4100209,ATMOS 41W,False,,Not Set
1719803700,7200,2024-07-01 05:15:00+02:00,49996,Vapor Pressure,1.792, kPa,3,1,9,A4100209,ATMOS 41W,False,,Not Set
1719803400,7200,2024-07-01 05:10:00+02:00,49995,Vapor Pressure,1.795, kPa,3,1,9,A4100209,ATMOS 41W,False,,Not Set
1719803100,7200,2024-07-01 05:05:00+02:00,49994,Vapor Pressure,1.796, kPa,3,1,9,A4100209,ATMOS 41W,False,,Not Set
1719802800,7200,2024-07-01 05:00:00+02:00,49993,Vapor Pressure,1.798, kPa,3,1,9,A4100209,ATMOS 41W,False,,Not Set
1719802500,7200,2024-07-01 04:55:00+02:00,49992,Vapor Pressure,1.802, kPa,3,1,9,A4100209,ATMOS 41W,False,,Not Set
1719802200,7200,2024-07-01 04:50:00+02:00,49991,Vapor Pressure,1.803, kPa,3,1,9,A4100209,ATMOS 41W,False,,Not Set
1719801900,7200,2024-07-01 04:45:00+02:00,49990,Vapor Pressure,1.807, kPa,3,1,9,A4100209,ATMOS 41W,False,,Not Set
1719801600,7200,2024-07-01 04:40:00+02:00,49989,Vapor Pressure,1.812, kPa,3,1,9,A4100209,ATMOS 41W,False,,Not Set
1719801300,7200,2024-07-01 04:35:00+02:00,49988,Vapor Pressure,1.813, kPa,3,1,9,A4100209,ATMOS 41W,False,,Not Set
1719801000,7200,2024-07-01 04:30:00+02:00,49987,Vapor Pressure,1.814, kPa,3,1,9,A4100209,ATMOS 41W,False,,Not Set
1719800700,7200,2024-07-01 04:25:00+02:00,49986,Vapor Pressure,1.815, kPa,3,1,9,A4100209,ATMOS 41W,False,,Not Set
1719800400,7200,2024-07-01 04:20:00+02:00,49985,Vapor Pressure,1.811, kPa,3,1,9,A4100209,ATMOS 41W,False,,Not Set
1719800100,7200,2024-07-01 04:15:00+02:00,49984,Vapor Pressure,1.808, kPa,3,1,9,A4100209,ATMOS 41W,False,,Not Set
1719799800,7200,2024-07-01 04:10:00+02:00,49983,Vapor Pressure,1.816, kPa,3,1,9,A4100209,ATMOS 41W,False,,Not Set
1719799500,7200,2024-07-01 04:05:00+02:00,49982,Vapor Pressure,1.819, kPa,3,1,9,A4100209,ATMOS 41W,False,,Not Set
1719799200,7200,2024-07-01 04:00:00+02:00,49981,Vapor Pressure,1.825, kPa,3,1,9,A4100209,ATMOS 41W,False,,Not Set
1719798900,7200,2024-07-01 03:55:00+02:00,49980,Vapor Pressure,1.828, kPa,3,1,9,A4100209,ATMOS 41W,False,,Not Set
1719798600,7200,2024-07-01 03:50:00+02:00,49979,Vapor Pressure,1.834, kPa,3,1,9,A4100209,ATMOS 41W,False,,Not Set
1719798300,7200,2024-07-01 03:45:00+02:00,49978,Vapor Pressure,1.84, kPa,3,1,9,A4100209,ATMOS 41W,False,,Not Set
1719798000,7200,2024-07-01 03:40:00+02:00,49977,Vapor Pressure,1.842, kPa,3,1,9,A4100209,ATMOS 41W,False,,Not Set
1719797700,7200,2024-07-01 03:35:00+02:00,49976,Vapor Pressure,1.848, kPa,3,1,9,A4100209,ATMOS 41W,False,,Not Set
1719797400,7200,2024-07-01 03:30:00+02:00,49975,Vapor Pressure,1.852, kPa,3,1,9,A4100209,ATMOS 41W,False,,Not Set
1719797100,7200,2024-07-01 03:25:00+02:00,49974,Vapor Pressure,1.859, kPa,3,1,9,A4100209,ATMOS 41W,False,,Not Set
1719796800,7200,2024-07-01 03:20:00+02:00,49973,Vapor Pressure,1.864, kPa,3,1,9,A4100209,ATMOS 41W,False,,Not Set
1719796500,7200,2024-07-01 03:15:00+02:00,49972,Vapor Pressure,1.861, kPa,3,1,9,A4100209,ATMOS 41W,False,,Not Set
1719796200,7200,2024-07-01 03:10:00+02:00,49971,Vapor Pressure,1.862, kPa,3,1,9,A4100209,ATMOS 41W,False,,Not Set
1719795900,7200,2024-07-01 03:05:00+02:00,49970,Vapor Pressure,1.859, kPa,3,1,9,A4100209,ATMOS 41W,False,,Not Set
1719795600,7200,2024-07-01 03:00:00+02:00,49969,Vapor Pressure,1.858, kPa,3,1,9,A4100209,ATMOS 41W,False,,Not Set
1719795300,7200,2024-07-01 02:55:00+02:00,49968,Vapor Pressure,1.856, kPa,3,1,9,A4100209,ATMOS 41W,False,,Not Set
1719795000,7200,2024-07-01 02:50:00+02:00,49967,Vapor Pressure,1.863, kPa,3,1,9,A4100209,ATMOS 41W,False,,Not Set
1719794700,7200,2024-07-01 02:45:00+02:00,49966,Vapor Pressure,1.872, kPa,3,1,9,A4100209,ATMOS 41W,False,,Not Set
1719794400,7200,2024-07-01 02:40:00+02:00,49965,Vapor Pressure,1.882, kPa,3,1,9,A4100209,ATMOS 41W,False,,Not Set
1719794100,7200,2024-07-01 02:35:00+02:00,49964,Vapor Pressure,1.896, kPa,3,1,9,A4100209,ATMOS 41W,False,,Not Set
1719793800,7200,2024-07-01 02:30:00+02:00,49963,Vapor Pressure,1.912, kPa,3,1,9,A4100209,ATMOS 41W,False,,Not Set
1719793500,7200,2024-07-01 02:25:00+02:00,49962,Vapor Pressure,1.928, kPa,3,1,9,A4100209,ATMOS 41W,False,,Not Set
1719793200,7200,2024-07-01 02:20:00+02:00,49961,Vapor Pressure,1.938, kPa,3,1,9,A4100209,ATMOS 41W,False,,Not Set
1719792900,7200,2024-07-01 02:15:00+02:00,49960,Vapor Pressure,1.942, kPa,3,1,9,A4100209,ATMOS 41W,False,,Not Set
1719792600,7200,2024-07-01 02:10:00+02:00,49959,Vapor Pressure,1.937, kPa,3,1,9,A4100209,ATMOS 41W,False,,Not Set
1719792300,7200,2024-07-01 02:05:00+02:00,49958,Vapor Pressure,1.921, kPa,3,1,9,A4100209,ATMOS 41W,False,,Not Set
1719792000,7200,2024-07-01 02:00:00+02:00,49957,Vapor Pressure,1.913, kPa,3,1,9,A4100209,ATMOS 41W,False,,Not Set
1719791700,7200,2024-07-01 01:55:00+02:00,49956,Vapor Pressure,1.911, kPa,3,1,9,A4100209,ATMOS 41W,False,,Not Set
1719791400,7200,2024-07-01 01:50:00+02:00,49955,Vapor Pressure,1.908, kPa,3,1,9,A4100209,ATMOS 41W,False,,Not Set
1719791100,7200,2024-07-01 01:45:00+02:00,49954,Vapor Pressure,1.904, kPa,3,1,9,A4100209,ATMOS 41W,False,,Not Set
1719790800,7200,2024-07-01 01:40:00+02:00,49953,Vapor Pressure,1.906, kPa,3,1,9,A4100209,ATMOS 41W,False,,Not Set
1719790500,7200,2024-07-01 01:35:00+02:00,49952,Vapor Pressure,1.922, kPa,3,1,9,A4100209,ATMOS 41W,False,,Not Set
1719790200,7200,2024-07-01 01:30:00+02:00,49951,Vapor Pressure,1.931, kPa,3,1,9,A4100209,ATMOS 41W,False,,Not Set
1719789900,7200,2024-07-01 01:25:00+02:00,49950,Vapor Pressure,1.937, kPa,3,1,9,A4100209,ATMOS 41W,False,,Not Set
1719789600,7200,2024-07-01 01:20:00+02:00,49949,Vapor Pressure,1.931, kPa,3,1,9,A4100209,ATMOS 41W,False,,Not Set
1719789300,7200,2024-07-01 01:15:00+02:00,49948,Vapor Pressure,1.925, kPa,3,1,9,A4100209,ATMOS 41W,False,,Not Set
1719789000,7200,2024-07-01 01:10:00+02:00,49947,Vapor Pressure,1.928, kPa,3,1,9,A4100209,ATMOS 41W,False,,Not Set
1719788700,7200,2024-07-01 01:05:00+02:00,49946,Vapor Pressure,1.933, kPa,3,1,9,A4100209,ATMOS 41W,False,,Not Set
1719788400,7200,2024-07-01 01:00:00+02:00,49945,Vapor Pressure,1.934, kPa,3,1,9,A4100209,ATMOS 41W,False,,Not Set
1719788100,7200,2024-07-01 00:55:00+02:00,49944,Vapor Pressure,1.943, kPa,3,1,9,A4100209,ATMOS 41W,False,,Not Set
1719787800,7200,2024-07-01 00:50:00+02:00,49943,Vapor Pressure,1.952, kPa,3,1,9,A4100209,ATMOS 41W,False,,Not Set
1719787500,7200,2024-07-01 00:45:00+02:00,49942,Vapor Pressure,1.965, kPa,3,1,9,A4100209,ATMOS 41W,False,,Not Set
1719787200,7200,2024-07-01 00:40:00+02:00,49941,Vapor Pressure,1.974, kPa,3,1,9,A4100209,ATMOS 41W,False,,Not Set
1719786900,7200,2024-07-01 00:35:00+02:00,49940,Vapor Pressure,1.988, kPa,3,1,9,A4100209,ATMOS 41W,False,,Not Set
1719786600,7200,2024-07-01 00:30:00+02:00,49939,Vapor Pressure,2.003, kPa,3,1,9,A4100209,ATMOS 41W,False,,Not Set
1719786300,7200,2024-07-01 00:25:00+02:00,49938,Vapor Pressure,2.018, kPa,3,1,9,A4100209,ATMOS 41W,False,,Not Set
1719786000,7200,2024-07-01 00:20:00+02:00,49937,Vapor Pressure,2.036, kPa,3,1,9,A4100209,ATMOS 41W,False,,Not Set
1719785700,7200,2024-07-01 00:15:00+02:00,49936,Vapor Pressure,2.047, kPa,3,1,9,A4100209,ATMOS 41W,False,,Not Set
1719785400,7200,2024-07-01 00:10:00+02:00,49935,Vapor Pressure,2.054, kPa,3,1,9,A4100209,ATMOS 41W,False,,Not Set
1719785100,7200,2024-07-01 00:05:00+02:00,49934,Vapor Pressure,2.06, kPa,3,1,9,A4100209,ATMOS 41W,False,,Not Set
1719784800,7200,2024-07-01 00:00:00+02:00,49933,Vapor Pressure,2.067, kPa,3,1,9,A4100209,ATMOS 41W,False,,Not Set
