timestamp_utc,sensor_sn,Air_Temperature,Atmospheric_Pressure,EC,Gust_Speed,Max_Air_Temperature,Max_Precip_Rate,Min_Air_Temperature,Precipitation,RH_Sensor_Temp,Solar_Radiation,Tilt_Angle,VPD,Vapor_Pressure,Wind_Direction,Wind_Speed
1725055200,A4100209,23.2,98.57,0.0,1.92,23.4,0.0,23.0,0.0,23.4,0.0,1.3,1.02,1.82,198.9,1.05
1725055500,A4100209,23.5,98.57,0.0,2.16,23.8,0.0,23.1,0.0,23.3,0.0,1.3,1.07,1.819,196.8,1.17
1725055800,A4100209,23.6,98.57,0.0,2.58,23.9,0.0,23.3,0.0,23.3,0.0,1.3,1.1,1.816,193.9,1.25
1725056100,A4100209,23.9,98.57,0.0,2.59,24.1,0.0,23.6,0.0,23.3,0.0,1.3,1.16,1.804,183.5,1.0
1725056400,A4100209,23.6,98.57,0.0,2.3,24.0,0.0,23.1,0.0,23.4,0.0,1.3,1.1,1.808,214.3,0.85
1725056700,A4100209,23.5,98.57,0.0,1.84,23.9,0.0,23.1,0.0,23.4,0.0,1.3,1.08,1.809,209.0,1.04
1725057000,A4100209,23.5,98.57,0.0,1.8,24.0,0.0,23.1,0.0,23.3,0.0,1.3,1.08,1.808,208.0,0.95
1725057300,A4100209,23.1,98.57,0.0,1.46,23.7,0.0,22.7,0.0,23.3,0.0,1.3,1.01,1.812,167.7,0.62
1725057600,A4100209,22.7,98.57,0.0,1.62,23.0,0.0,22.6,0.0,23.2,0.0,1.3,0.95,1.818,81.7,0.52
1725057900,A4100209,22.4,98.57,0.0,1.2,22.6,0.0,22.1,0.0,23.0,0.0,1.3,0.88,1.825,86.3,0.44
1725058200,A4100209,22.4,98.58,0.0,1.66,22.9,0.0,22.0,0.0,22.8,0.0,1.3,0.89,1.819,188.7,0.59
1725058500,A4100209,23.0,98.58,0.0,1.53,23.3,0.0,22.6,0.0,22.7,0.0,1.3,1.01,1.8,207.7,0.87
1725058800,A4100209,22.9,98.58,0.0,1.68,23.2,0.0,22.7,0.0,22.7,0.0,1.3,0.99,1.802,186.6,0.85
1725059100,A4100209,23.1,98.58,0.0,2.02,23.5,0.0,22.9,0.0,22.7,0.0,1.3,1.03,1.796,200.3,1.13
1725059400,A4100209,22.8,98.57,0.0,2.3,23.0,0.0,22.6,0.0,22.7,0.0,1.3,0.98,1.803,204.0,1.09
1725059700,A4100209,22.9,98.57,0.0,2.23,23.4,0.0,22.6,0.0,22.7,0.0,1.3,0.99,1.8,218.3,1.25
1725060000,A4100209,22.7,98.57,0.0,1.92,23.0,0.0,22.4,0.0,22.6,0.0,1.3,0.95,1.802,186.0,0.93
1725060300,A4100209,22.6,98.57,0.0,1.63,22.8,0.0,22.4,0.0,22.6,0.0,1.3,0.93,1.802,198.7,0.75
1725060600,A4100209,22.3,98.57,0.0,1.61,22.6,0.0,21.8,0.0,22.5,0.0,1.3,0.89,1.806,194.9,0.55
1725060900,A4100209,22.0,98.58,0.0,0.93,22.2,0.0,21.9,0.0,22.4,0.0,1.3,0.84,1.814,295.4,0.45
1725061200,A4100209,21.9,98.58,0.0,0.78,22.0,0.0,21.7,0.0,22.3,0.0,1.3,0.81,1.812,55.1,0.31
1725061500,A4100209,21.7,98.58,0.0,0.72,22.0,0.0,21.6,0.0,22.1,0.0,1.3,0.78,1.813,19.0,0.19
1725061800,A4100209,21.6,98.58,0.0,0.29,21.7,0.0,21.5,0.0,21.9,0.0,1.3,0.77,1.806,106.7,0.15
1725062100,A4100209,21.4,98.59,0.0,1.17,21.6,0.0,21.3,0.0,21.7,0.0,1.3,0.75,1.803,45.7,0.48
1725062400,A4100209,21.2,98.59,0.0,1.36,21.5,0.0,21.0,0.0,21.6,0.0,1.3,0.72,1.8,83.3,0.67
1725062700,A4100209,21.1,98.59,0.0,1.68,21.2,0.0,20.9,0.0,21.4,0.0,1.3,0.7,1.802,163.2,0.73
1725063000,A4100209,21.2,98.59,0.0,2.1,21.4,0.0,20.9,0.0,21.3,0.0,1.3,0.7,1.805,191.5,0.96
1725063300,A4100209,21.0,98.59,0.0,1.94,21.2,0.0,20.9,0.0,21.2,0.0,1.4,0.69,1.805,194.3,0.87
1725063600,A4100209,21.1,98.59,0.0,1.72,21.3,0.0,20.8,0.0,21.1,0.0,1.3,0.7,1.799,202.3,0.68
1725063900,A4100209,20.6,98.59,0.0,0.5,20.8,0.0,20.5,0.0,21.0,0.0,1.3,0.62,1.802,32.6,0.2
1725064200,A4100209,20.5,98.59,0.0,1.05,20.7,0.0,20.2,0.0,20.9,0.0,1.3,0.61,1.8,13.0,0.43
1725064500,A4100209,20.3,98.59,0.0,1.47,20.4,0.0,20.2,0.0,20.7,0.0,1.3,0.57,1.805,52.0,0.64
1725064800,A4100209,20.2,98.6,0.0,1.4,20.3,0.0,20.1,0.0,20.6,0.0,1.3,0.56,1.808,127.1,0.64
1725065100,A4100209,20.2,98.59,0.0,1.5,20.3,0.0,20.0,0.0,20.4,0.0,1.3,0.57,1.8,100.7,0.87
1725065400,A4100209,20.2,98.59,0.0,1.47,20.3,0.0,19.9,0.0,20.3,0.0,1.3,0.56,1.802,181.4,0.76
1725065700,A4100209,20.0,98.59,0.0,0.92,20.2,0.0,19.9,0.0,20.2,0.0,1.3,0.54,1.801,149.4,0.33
1725066000,A4100209,19.8,98.59,0.0,1.4,20.1,0.0,19.7,0.0,20.1,0.0,1.4,0.51,1.8,140.0,0.52
1725066300,A4100209,19.7,98.59,0.0,1.48,20.0,0.0,19.6,0.0,20.0,0.0,1.3,0.5,1.802,146.6,0.61
1725066600,A4100209,19.8,98.6,0.0,1.72,20.0,0.0,19.8,0.0,19.9,0.0,1.3,0.52,1.795,191.9,0.63
1725066900,A4100209,20.1,98.6,0.0,1.43,20.5,0.0,19.8,0.0,19.8,0.0,1.3,0.56,1.794,213.2,0.73
1725067200,A4100209,20.2,98.6,0.0,1.24,20.4,0.0,20.0,0.0,19.8,0.0,1.3,0.57,1.789,193.9,0.6
1725067500,A4100209,19.8,98.61,0.0,1.26,20.1,0.0,19.5,0.0,19.8,0.0,1.3,0.5,1.796,178.7,0.66
1725067800,A4100209,19.5,98.61,0.0,1.02,19.7,0.0,19.4,0.0,19.7,0.0,1.3,0.47,1.797,185.0,0.5
1725068100,A4100209,19.5,98.61,0.0,1.2,19.6,0.0,19.4,0.0,19.7,0.0,1.3,0.46,1.799,118.6,0.5
1725068400,A4100209,19.4,98.61,0.0,1.69,19.5,0.0,19.3,0.0,19.6,0.0,1.3,0.45,1.798,127.8,0.63
1725068700,A4100209,19.4,98.61,0.0,1.57,19.5,0.0,19.3,0.0,19.5,0.0,1.3,0.45,1.798,155.3,0.74
1725069000,A4100209,19.4,98.61,0.0,1.86,19.7,0.0,19.2,0.0,19.4,0.0,1.4,0.46,1.794,188.1,1.01
1725069300,A4100209,19.6,98.62,0.0,1.6,19.9,0.0,19.5,0.0,19.4,0.0,1.4,0.49,1.795,207.0,0.87
1725069600,A4100209,19.7,98.62,0.0,1.13,19.9,0.0,19.5,0.0,19.3,0.0,1.3,0.5,1.796,209.0,0.6
1725069900,A4100209,19.6,98.62,0.0,1.29,19.8,0.0,19.3,0.0,19.4,0.0,1.4,0.48,1.798,195.4,0.63
1725070200,A4100209,19.4,98.62,0.0,1.34,19.6,0.0,19.2,0.0,19.3,0.0,1.3,0.46,1.801,213.5,0.42
1725070500,A4100209,19.1,98.63,0.0,0.32,19.2,0.0,18.9,0.0,19.3,0.0,1.4,0.41,1.798,241.8,0.13
1725070800,A4100209,19.1,98.63,0.0,0.85,19.2,0.0,18.9,0.0,19.2,0.0,1.3,0.41,1.795,128.4,0.23
1725071100,A4100209,18.9,98.63,0.0,1.3,19.0,0.0,18.8,0.0,19.1,0.0,1.3,0.38,1.795,158.7,0.65
1725071400,A4100209,18.8,98.62,0.0,1.41,18.9,0.0,18.8,0.0,19.0,0.0,1.4,0.38,1.792,162.4,0.73
1725071700,A4100209,18.8,98.63,0.0,1.44,19.1,0.0,18.7,0.0,18.9,0.0,1.3,0.38,1.793,177.2,0.8
1725072000,A4100209,19.2,98.63,0.0,1.28,19.4,0.0,18.9,0.0,18.8,0.0,1.4,0.43,1.792,191.5,0.54
1725072300,A4100209,18.9,98.63,0.0,0.43,19.0,0.0,18.7,0.0,18.8,0.0,1.4,0.39,1.79,215.7,0.2
1725072600,A4100209,18.8,98.63,0.0,1.14,19.0,0.0,18.6,0.0,18.8,0.0,1.4,0.37,1.789,150.3,0.55
1725072900,A4100209,18.7,98.64,0.0,1.29,18.9,0.0,18.4,0.0,18.7,0.0,1.3,0.36,1.79,177.2,0.78
1725073200,A4100209,18.8,98.64,0.0,1.24,19.0,0.0,18.5,0.0,18.6,0.0,1.4,0.37,1.788,180.2,0.71
1725073500,A4100209,18.7,98.64,0.0,1.31,18.9,0.0,18.4,0.0,18.6,0.0,1.4,0.37,1.787,199.1,0.55
1725073800,A4100209,18.7,98.64,0.0,1.17,18.9,0.0,18.5,0.0,18.6,0.0,1.3,0.37,1.785,201.0,0.56
1725074100,A4100209,18.7,98.64,0.0,1.31,19.0,0.0,18.5,0.0,18.5,0.0,1.4,0.37,1.785,194.7,0.56
1725074400,A4100209,18.7,98.64,0.0,1.52,19.0,0.0,18.6,0.0,18.5,0.0,1.4,0.37,1.784,180.8,0.82
1725074700,A4100209,18.7,98.64,0.0,1.49,18.9,0.0,18.5,0.0,18.5,0.0,1.3,0.37,1.785,203.2,0.77
1725075000,A4100209,18.6,98.64,0.0,0.96,18.9,0.0,18.4,0.0,18.5,0.0,1.3,0.36,1.783,195.1,0.52
1725075300,A4100209,18.7,98.64,0.0,1.07,19.0,0.0,18.5,0.0,18.4,0.0,1.3,0.37,1.784,212.5,0.53
1725075600,A4100209,18.5,98.64,0.0,0.55,18.6,0.0,18.3,0.0,18.4,0.0,1.4,0.34,1.78,241.3,0.23
1725075900,A4100209,18.3,98.64,0.0,0.53,18.6,0.0,18.2,0.0,18.4,0.0,1.4,0.33,1.779,342.7,0.2
1725076200,A4100209,18.3,98.64,0.0,0.75,18.6,0.0,18.1,0.0,18.3,0.0,1.4,0.33,1.779,292.0,0.31
1725076500,A4100209,18.1,98.65,0.0,0.59,18.2,0.0,17.9,0.0,18.2,0.0,1.3,0.3,1.779,347.9,0.39
1725076800,A4100209,18.0,98.65,0.0,1.46,18.2,0.0,17.9,0.0,18.1,0.0,1.4,0.3,1.771,65.1,0.53
1725077100,A4100209,18.1,98.65,0.0,1.71,18.3,0.0,18.0,0.0,18.0,0.0,1.4,0.31,1.769,126.5,0.67
1725077400,A4100209,18.1,98.64,0.0,1.74,18.3,0.0,17.9,0.0,17.9,0.0,1.4,0.31,1.766,180.0,0.91
1725077700,A4100209,18.2,98.64,0.0,1.74,18.4,0.0,18.0,0.0,17.9,0.0,1.3,0.32,1.765,193.9,0.7
1725078000,A4100209,18.1,98.65,0.0,1.77,18.4,0.0,18.0,0.0,17.9,0.0,1.4,0.31,1.767,178.4,0.84
1725078300,A4100209,18.1,98.65,0.0,0.9,18.3,0.0,18.0,0.0,17.9,0.0,1.4,0.31,1.769,213.2,0.33
1725078600,A4100209,17.8,98.65,0.0,1.45,18.1,0.0,17.6,0.0,17.9,7.0,1.4,0.27,1.768,72.8,0.47
1725078900,A4100209,17.8,98.64,0.0,1.5,17.9,0.0,17.6,0.0,17.8,10.6,1.4,0.27,1.764,107.7,0.61
1725079200,A4100209,17.8,98.64,0.0,1.15,17.9,0.0,17.6,0.0,17.8,13.7,1.4,0.27,1.762,108.7,0.52
1725079500,A4100209,17.9,98.64,0.0,1.55,18.2,0.0,17.6,0.0,17.8,17.9,1.4,0.28,1.762,179.9,0.64
1725079800,A4100209,18.1,98.63,0.0,1.22,18.4,0.0,17.9,0.0,17.8,27.3,1.4,0.31,1.77,176.8,0.52
1725080100,A4100209,18.0,98.64,0.0,1.56,18.2,0.0,17.8,0.0,17.9,26.0,1.4,0.29,1.776,200.9,0.35
1725080400,A4100209,17.9,98.65,0.0,0.96,18.0,0.0,17.9,0.0,18.0,29.4,1.4,0.27,1.778,340.9,0.28
1725080700,A4100209,18.0,98.65,0.0,1.13,18.2,0.0,17.9,0.0,18.0,32.9,1.4,0.28,1.781,208.6,0.38
1725081000,A4100209,18.0,98.65,0.0,1.15,18.2,0.0,17.9,0.0,18.0,36.6,1.4,0.28,1.788,201.2,0.42
1725081300,A4100209,18.1,98.65,0.0,1.1,18.4,0.0,17.9,0.0,18.1,47.5,1.4,0.28,1.795,330.3,0.38
1725081600,A4100209,18.3,98.65,0.0,1.48,18.4,0.0,18.1,0.0,18.2,46.6,1.3,0.29,1.803,184.6,0.51
1725081900,A4100209,18.3,98.64,0.0,0.94,18.4,0.0,18.2,0.0,18.4,59.0,1.4,0.29,1.811,10.6,0.38
1725082200,A4100209,18.5,98.61,0.0,0.71,18.6,0.0,18.4,0.0,18.7,103.1,1.4,0.29,1.832,186.3,0.3
1725082500,A4100209,18.9,98.59,0.0,0.62,19.1,0.0,18.6,0.0,19.2,126.6,1.4,0.31,1.869,224.0,0.28
1725082800,A4100209,19.3,98.58,0.0,0.41,19.5,0.0,19.0,0.0,19.8,137.5,1.4,0.34,1.898,272.5,0.18
1725083100,A4100209,19.8,98.58,0.0,0.67,20.2,0.0,19.4,0.0,20.4,149.5,1.4,0.38,1.929,273.9,0.33
1725083400,A4100209,20.5,98.58,0.0,0.64,21.6,0.0,19.9,0.0,21.1,162.7,1.3,0.45,1.962,309.9,0.29
1725083700,A4100209,21.3,98.58,0.0,0.63,22.0,0.0,20.8,0.0,21.8,174.7,1.3,0.53,2.006,344.2,0.42
1725084000,A4100209,21.9,98.57,0.0,0.77,22.7,0.0,21.3,0.0,22.5,188.0,1.3,0.58,2.045,331.3,0.47
1725084300,A4100209,22.2,98.58,0.0,0.92,23.1,0.0,21.3,0.0,23.2,198.2,1.3,0.6,2.074,322.8,0.4
1725084600,A4100209,22.3,98.58,0.0,0.9,23.2,0.0,21.7,0.0,23.9,214.3,1.3,0.59,2.1,304.2,0.4
1725084900,A4100209,22.6,98.57,0.0,0.73,23.3,0.0,21.9,0.0,24.5,227.5,1.3,0.61,2.118,306.9,0.37
1725085200,A4100209,23.3,98.57,0.0,0.89,24.2,0.0,22.8,0.0,25.1,242.6,1.3,0.72,2.145,304.0,0.38
1725085500,A4100209,23.5,98.56,0.0,1.01,24.5,0.0,22.7,0.0,25.8,258.3,1.3,0.74,2.155,313.1,0.46
1725085800,A4100209,23.6,98.57,0.0,1.06,24.5,0.0,22.9,0.0,26.3,274.2,1.3,0.75,2.167,317.0,0.55
1725086100,A4100209,23.5,98.57,0.0,1.17,24.2,0.0,22.9,0.0,26.7,288.2,1.3,0.72,2.166,305.4,0.69
1725086400,A4100209,24.2,98.57,0.0,1.03,25.0,0.0,23.4,0.0,27.1,303.1,1.3,0.83,2.184,321.0,0.55
1725086700,A4100209,24.4,98.58,0.0,1.4,25.6,0.0,23.8,0.0,27.5,302.8,1.3,0.86,2.199,325.5,0.62
1725087000,A4100209,24.3,98.58,0.0,1.35,25.6,0.0,23.6,0.0,27.9,312.7,1.3,0.85,2.181,314.7,0.77
1725087300,A4100209,24.5,98.59,0.0,1.51,25.6,0.0,23.8,0.0,28.0,312.1,1.3,0.9,2.166,319.3,0.69
1725087600,A4100209,24.6,98.6,0.0,1.31,25.7,0.0,23.3,0.0,28.3,300.6,1.3,0.93,2.159,334.0,0.6
1725087900,A4100209,24.6,98.6,0.0,1.56,25.6,0.0,23.5,0.0,28.5,332.7,1.3,0.93,2.162,315.1,0.76
1725088200,A4100209,24.4,98.61,0.0,1.56,25.4,0.0,23.3,0.0,28.5,299.8,1.3,0.9,2.155,310.7,0.69
1725088500,A4100209,24.6,98.6,0.0,1.41,25.6,0.0,23.7,0.0,28.6,311.7,1.3,0.95,2.148,312.4,0.78
1725088800,A4100209,24.8,98.6,0.0,1.46,26.0,0.0,24.2,0.0,28.6,324.3,1.3,1.0,2.131,312.2,0.72
1725089100,A4100209,25.0,98.61,0.0,1.64,26.0,0.0,24.4,0.0,28.7,333.4,1.3,1.04,2.136,318.0,0.77
1725089400,A4100209,24.8,98.62,0.0,1.91,26.1,0.0,24.0,0.0,28.7,338.1,1.3,1.0,2.118,313.2,0.89
1725089700,A4100209,25.1,98.62,0.0,1.43,26.0,0.0,24.4,0.0,28.8,365.4,1.3,1.06,2.12,320.9,0.7
1725090000,A4100209,25.2,98.61,0.0,1.76,26.3,0.0,24.3,0.0,29.0,396.1,1.3,1.08,2.125,337.9,0.66
1725090300,A4100209,25.4,98.61,0.0,2.44,26.8,0.0,24.2,0.0,29.2,425.8,1.3,1.12,2.131,322.4,0.77
1725090600,A4100209,25.6,98.62,0.0,2.0,26.7,0.0,24.4,0.0,29.3,444.6,1.3,1.16,2.134,304.1,0.93
1725090900,A4100209,26.4,98.62,0.0,1.24,27.6,0.0,25.2,0.0,29.6,459.0,1.3,1.3,2.144,330.1,0.61
1725091200,A4100209,26.3,98.64,0.0,1.31,27.3,0.0,25.2,0.0,29.8,406.1,1.3,1.26,2.155,345.1,0.66
1725091500,A4100209,26.3,98.64,0.0,1.41,28.0,0.0,25.2,0.0,30.0,426.7,1.3,1.25,2.162,352.3,0.66
1725091800,A4100209,26.9,98.63,0.0,1.55,28.7,0.0,25.4,0.0,30.2,480.0,1.3,1.36,2.176,351.9,0.65
1725092100,A4100209,27.2,98.63,0.0,1.97,28.2,0.0,25.8,0.0,30.4,508.5,1.3,1.43,2.189,334.1,0.85
1725092400,A4100209,27.5,98.63,0.0,1.84,28.6,0.0,25.6,0.0,30.7,502.5,1.3,1.48,2.19,329.2,0.89
1725092700,A4100209,27.7,98.64,0.0,1.94,29.1,0.0,26.2,0.0,31.0,488.3,1.3,1.52,2.193,324.9,1.07
1725093000,A4100209,28.5,98.63,0.0,1.71,30.1,0.0,27.0,0.0,31.2,530.2,1.2,1.68,2.204,334.5,0.82
1725093300,A4100209,28.2,98.64,0.0,2.09,29.5,0.0,27.4,0.0,31.5,538.7,1.3,1.62,2.207,317.4,1.13
1725093600,A4100209,28.6,98.64,0.0,2.01,29.4,0.0,27.7,0.0,31.8,543.5,1.2,1.7,2.213,328.1,0.88
1725093900,A4100209,28.7,98.64,0.0,2.1,29.7,0.0,28.0,0.0,32.0,553.3,1.3,1.72,2.214,317.9,1.19
1725094200,A4100209,28.7,98.64,0.0,2.03,30.6,0.0,27.7,0.0,32.2,557.2,1.3,1.74,2.204,318.5,1.08
1725094500,A4100209,29.0,98.64,0.0,2.14,29.9,0.0,27.9,0.0,32.3,562.6,1.3,1.8,2.208,315.9,0.97
1725094800,A4100209,29.3,98.64,0.0,2.05,30.6,0.0,27.9,0.0,32.5,578.8,1.3,1.85,2.214,341.6,0.94
1725095100,A4100209,30.0,98.64,0.0,2.14,31.8,0.0,28.4,0.0,32.7,593.5,1.2,2.01,2.232,342.0,0.86
1725095400,A4100209,30.2,98.64,0.0,1.9,31.8,0.0,28.9,0.0,33.0,612.0,1.3,2.04,2.24,324.6,0.98
1725095700,A4100209,30.4,98.64,0.0,1.99,31.8,0.0,29.5,0.0,33.2,605.8,1.3,2.08,2.257,334.2,0.93
1725096000,A4100209,30.3,98.64,0.0,2.71,31.9,0.0,29.2,0.0,33.5,614.3,1.2,2.05,2.261,315.3,1.15
1725096300,A4100209,30.4,98.64,0.0,1.93,31.6,0.0,29.4,0.0,33.7,626.8,1.3,2.07,2.271,354.3,0.83
1725096600,A4100209,30.8,98.64,0.0,2.66,31.7,0.0,29.8,0.0,33.9,630.8,1.2,2.19,2.25,320.7,1.08
1725096900,A4100209,31.1,98.65,0.0,2.1,32.0,0.0,30.3,0.0,34.0,589.1,1.3,2.31,2.215,345.5,0.98
1725097200,A4100209,31.0,98.65,0.0,2.0,32.0,0.0,29.5,0.0,34.1,560.9,1.2,2.3,2.199,334.0,0.95
1725097500,A4100209,31.1,98.65,0.0,2.13,32.0,0.0,29.7,0.0,34.3,580.7,1.2,2.31,2.198,356.7,0.95
1725097800,A4100209,31.4,98.65,0.0,2.16,32.6,0.0,30.4,0.0,34.4,627.4,1.3,2.39,2.215,317.5,1.08
1725098100,A4100209,31.3,98.65,0.0,2.62,32.4,0.0,30.5,0.0,34.6,636.9,1.3,2.33,2.243,318.2,1.13
1725098400,A4100209,31.3,98.64,0.0,3.13,32.5,0.0,30.2,0.0,34.6,629.6,1.2,2.31,2.268,327.1,1.05
1725098700,A4100209,31.2,98.64,0.0,3.18,32.3,0.0,30.5,0.0,34.7,609.4,1.3,2.31,2.25,319.8,1.27
1725099000,A4100209,31.1,98.64,0.0,2.88,32.0,0.0,30.3,0.0,34.7,653.5,1.2,2.29,2.235,320.5,1.27
1725099300,A4100209,31.6,98.63,0.0,2.24,32.4,0.0,30.8,0.0,34.7,642.8,1.2,2.4,2.238,324.3,1.11
1725099600,A4100209,31.6,98.63,0.0,3.7,32.7,0.0,30.8,0.0,34.8,661.2,1.2,2.43,2.229,326.6,1.23
1725099900,A4100209,31.3,98.62,0.0,3.13,32.4,0.0,30.3,0.0,34.8,657.9,1.2,2.35,2.226,316.8,1.45
1725100200,A4100209,31.2,98.62,0.0,2.67,32.7,0.0,30.2,0.0,34.7,594.6,1.2,2.33,2.218,317.6,1.16
1725100500,A4100209,31.4,98.62,0.0,3.29,32.4,0.0,30.2,0.0,34.7,594.3,1.2,2.39,2.218,345.9,1.11
1725100800,A4100209,31.5,98.61,0.0,2.47,33.3,0.0,30.3,0.0,34.7,642.8,1.2,2.42,2.212,324.6,0.92
1725101100,A4100209,32.1,98.61,0.0,2.73,33.0,0.0,30.9,0.0,34.8,610.7,1.2,2.57,2.212,328.1,0.97
1725101400,A4100209,32.3,98.61,0.0,2.78,33.1,0.0,31.1,0.0,35.0,672.3,1.3,2.62,2.229,319.8,1.11
1725101700,A4100209,32.9,98.6,0.0,2.99,33.7,0.0,31.7,0.0,35.3,687.3,1.2,2.76,2.239,333.8,0.97
1725102000,A4100209,32.2,98.6,0.0,2.67,33.2,0.0,31.0,0.0,35.5,685.0,1.2,2.58,2.244,315.1,1.24
1725102300,A4100209,32.6,98.59,0.0,3.04,33.4,0.0,31.4,0.0,35.7,713.8,1.3,2.67,2.239,312.7,1.45
1725102600,A4100209,32.7,98.58,0.0,3.23,33.8,0.0,31.6,0.0,35.8,714.8,1.2,2.74,2.214,318.3,1.29
1725102900,A4100209,33.1,98.58,0.0,2.83,34.3,0.0,31.5,0.0,36.0,730.3,1.2,2.83,2.224,321.7,0.95
1725103200,A4100209,33.4,98.57,0.0,2.76,34.2,0.0,32.6,0.0,36.2,725.3,1.2,2.93,2.216,313.8,1.2
1725103500,A4100209,33.7,98.56,0.0,3.24,34.9,0.0,32.8,0.0,36.4,739.7,1.2,3.01,2.229,307.1,1.28
1725103800,A4100209,33.5,98.56,0.0,4.07,34.6,0.0,31.8,0.0,36.7,759.2,1.2,2.96,2.203,311.8,1.47
1725104100,A4100209,33.5,98.56,0.0,3.48,34.8,0.0,32.2,0.0,36.8,757.0,1.2,2.94,2.217,312.5,1.52
1725104400,A4100209,33.1,98.56,0.0,5.23,34.3,0.0,31.5,0.0,36.9,780.0,1.2,2.85,2.215,298.6,2.16
1725104700,A4100209,33.3,98.56,0.0,4.72,34.9,0.0,32.4,0.0,36.9,783.9,1.3,2.87,2.233,296.8,2.14
1725105000,A4100209,33.5,98.56,0.0,3.32,34.6,0.0,32.4,0.0,36.8,769.4,1.2,2.98,2.193,308.8,1.56
1725105300,A4100209,33.6,98.55,0.0,6.05,34.8,0.0,32.9,0.0,36.8,767.6,1.2,2.97,2.242,308.9,1.74
1725105600,A4100209,33.6,98.55,0.0,4.55,35.4,0.0,31.8,0.0,36.9,798.2,1.2,2.99,2.211,296.5,1.81
1725105900,A4100209,34.0,98.56,0.0,3.73,35.4,0.0,32.6,0.0,37.0,820.1,1.2,3.09,2.218,311.2,1.4
1725106200,A4100209,34.0,98.56,0.0,3.49,35.4,0.0,32.2,0.0,37.2,797.1,1.2,3.1,2.219,14.2,1.42
1725106500,A4100209,33.9,98.56,0.0,3.81,35.4,0.0,32.6,0.0,37.3,776.0,1.2,3.06,2.24,314.9,1.38
1725106800,A4100209,34.6,98.55,0.0,3.9,35.5,0.0,33.4,0.0,37.5,811.9,1.2,3.23,2.257,316.8,1.39
1725107100,A4100209,33.9,98.59,0.0,2.95,35.2,0.0,32.6,0.0,37.5,573.4,1.2,3.05,2.23,318.0,1.05
1725107400,A4100209,33.3,98.6,0.0,4.76,35.0,0.0,31.7,0.0,37.6,502.9,1.2,2.95,2.155,282.0,1.65
1725107700,A4100209,32.0,98.63,0.0,3.82,32.6,0.0,31.3,0.0,36.9,161.4,1.2,2.71,2.038,213.0,1.5
1725108000,A4100209,31.6,98.62,0.0,3.58,32.6,0.0,31.2,0.0,36.2,158.3,1.2,2.67,1.983,156.4,1.49
1725108300,A4100209,31.4,98.61,0.0,4.62,31.8,0.0,31.0,0.0,35.5,167.9,1.2,2.65,1.941,131.9,1.56
1725108600,A4100209,31.2,98.64,0.0,3.37,31.4,0.0,30.9,0.0,34.8,135.7,1.2,2.6,1.939,141.0,1.45
1725108900,A4100209,31.3,98.65,0.0,2.35,31.6,0.0,30.8,0.0,34.2,122.3,1.3,2.64,1.92,250.7,0.84
1725109200,A4100209,30.6,98.64,0.0,3.31,31.4,0.0,29.2,0.0,33.7,125.2,1.2,2.42,1.984,117.7,1.4
1725109500,A4100209,28.9,98.63,0.0,3.45,30.5,0.0,27.9,0.0,33.2,149.9,1.2,1.85,2.136,98.0,2.01
1725109800,A4100209,29.0,98.61,0.0,3.34,30.0,0.0,28.0,0.0,32.5,187.9,1.3,1.83,2.173,87.2,1.44
1725110100,A4100209,29.6,98.6,0.0,3.42,30.3,0.0,28.7,0.0,32.0,243.7,1.3,2.05,2.086,84.2,1.49
1725110400,A4100209,29.2,98.6,0.0,3.07,30.3,0.0,28.5,0.0,31.8,258.6,1.3,1.91,2.132,91.3,1.74
1725110700,A4100209,29.5,98.58,0.0,2.65,30.4,0.0,28.8,0.0,31.7,264.2,1.3,2.01,2.121,96.9,1.19
1725111000,A4100209,30.3,98.57,0.0,3.51,30.8,0.0,29.6,0.0,31.7,321.2,1.3,2.3,2.007,81.3,1.2
1725111300,A4100209,30.7,98.55,0.0,3.27,31.5,0.0,30.0,0.0,32.0,411.7,1.2,2.39,2.021,95.8,1.4
1725111600,A4100209,31.4,98.53,0.0,3.91,32.0,0.0,30.8,0.0,32.4,552.6,1.3,2.61,1.968,117.5,1.77
1725111900,A4100209,31.7,98.53,0.0,3.65,32.4,0.0,30.9,0.0,32.9,573.1,1.2,2.72,1.96,143.3,1.6
1725112200,A4100209,32.0,98.53,0.0,4.27,33.0,0.0,31.0,0.0,33.3,515.7,1.3,2.79,1.951,273.9,1.2
1725112500,A4100209,31.9,98.52,0.0,3.25,32.6,0.0,31.3,0.0,33.8,547.6,1.3,2.81,1.923,241.6,1.05
1725112800,A4100209,32.0,98.52,0.0,3.86,33.0,0.0,31.1,0.0,34.2,523.6,1.2,2.83,1.929,251.1,1.09
1725113100,A4100209,32.0,98.53,0.0,5.7,32.9,0.0,31.4,0.0,34.5,473.5,1.2,2.83,1.929,160.0,1.54
1725113400,A4100209,32.2,98.53,0.0,3.87,33.5,0.0,31.3,0.0,34.7,456.1,1.2,2.89,1.911,186.2,1.4
1725113700,A4100209,31.6,98.54,0.0,4.15,32.2,0.0,31.1,0.0,34.6,326.0,1.2,2.74,1.915,167.0,1.75
1725114000,A4100209,31.7,98.53,0.0,6.19,32.0,0.0,31.2,0.0,34.6,359.7,1.3,2.74,1.932,113.6,2.01
1725114300,A4100209,31.5,98.54,0.0,4.74,31.8,0.0,31.2,0.0,34.4,305.9,1.3,2.7,1.925,169.1,1.68
1725114600,A4100209,31.6,98.53,0.0,3.82,32.1,0.0,31.2,0.0,34.2,323.0,1.2,2.75,1.895,195.7,1.28
1725114900,A4100209,31.7,98.53,0.0,3.54,32.1,0.0,31.4,0.0,34.2,327.6,1.3,2.76,1.911,146.0,1.31
1725115200,A4100209,31.5,98.52,0.0,3.96,32.0,0.0,31.1,0.0,34.1,293.3,1.3,2.7,1.927,161.0,1.6
1725115500,A4100209,31.6,98.52,0.0,3.55,32.0,0.0,31.3,0.0,34.0,265.8,1.2,2.73,1.936,136.8,1.38
1725115800,A4100209,31.6,98.51,0.0,4.38,32.2,0.0,31.2,0.0,33.9,282.7,1.3,2.72,1.927,166.8,1.6
1725116100,A4100209,31.5,98.5,0.0,4.17,32.0,0.0,31.2,0.0,33.9,309.2,1.2,2.71,1.912,154.4,1.6
1725116400,A4100209,31.6,98.5,0.0,5.06,32.0,0.0,31.2,0.0,33.8,303.6,1.3,2.76,1.881,131.4,1.75
1725116700,A4100209,31.4,98.52,0.0,4.0,31.7,0.0,31.0,0.0,33.7,242.2,1.2,2.68,1.902,179.2,1.55
1725117000,A4100209,31.2,98.52,0.0,4.27,31.5,0.0,30.9,0.0,33.5,228.2,1.2,2.65,1.901,175.4,1.61
1725117300,A4100209,31.1,98.52,0.0,4.62,31.3,0.0,30.9,0.0,33.3,233.0,1.2,2.64,1.865,174.9,1.98
1725117600,A4100209,31.1,98.52,0.0,3.22,31.4,0.0,30.8,0.0,33.1,226.0,1.2,2.68,1.848,194.3,1.1
1725117900,A4100209,31.2,98.52,0.0,3.77,31.4,0.0,30.9,0.0,33.0,195.9,1.3,2.7,1.828,221.3,1.48
1725118200,A4100209,31.2,98.51,0.0,5.28,31.4,0.0,30.9,0.0,32.9,177.5,1.3,2.72,1.817,190.8,1.46
1725118500,A4100209,31.0,98.52,0.0,4.24,31.2,0.0,30.9,0.0,32.7,175.0,1.2,2.69,1.805,173.5,1.62
1725118800,A4100209,31.0,98.53,0.0,4.06,31.1,0.0,30.8,0.0,32.5,179.7,1.2,2.66,1.816,191.2,1.35
1725119100,A4100209,31.0,98.53,0.0,2.74,31.2,0.0,30.8,0.0,32.4,169.2,1.3,2.64,1.837,167.1,1.28
1725119400,A4100209,30.9,98.53,0.0,2.99,31.1,0.0,30.8,0.0,32.3,158.2,1.2,2.63,1.835,179.6,1.2
1725119700,A4100209,30.9,98.53,0.0,3.73,31.1,0.0,30.8,0.0,32.3,142.5,1.2,2.65,1.826,159.6,1.46
1725120000,A4100209,30.9,98.53,0.0,2.46,31.0,0.0,30.7,0.0,32.2,133.4,1.2,2.61,1.843,166.8,0.88
1725120300,A4100209,30.8,98.53,0.0,2.84,31.1,0.0,30.6,0.0,32.1,117.1,1.2,2.6,1.84,214.7,1.0
1725120600,A4100209,30.7,98.53,0.0,1.71,30.9,0.0,30.6,0.0,32.0,106.0,1.3,2.57,1.845,262.1,0.77
1725120900,A4100209,30.6,98.53,0.0,2.75,30.8,0.0,30.5,0.0,31.8,91.0,1.3,2.56,1.843,281.5,0.69
1725121200,A4100209,30.6,98.53,0.0,1.98,30.7,0.0,30.4,0.0,31.8,97.1,1.3,2.55,1.831,266.6,0.75
1725121500,A4100209,30.5,98.53,0.0,1.59,30.8,0.0,30.3,0.0,31.6,88.9,1.3,2.54,1.829,298.5,0.62
1725121800,A4100209,30.4,98.53,0.0,1.57,30.6,0.0,30.2,0.0,31.5,81.2,1.2,2.52,1.825,23.8,0.65
1725122100,A4100209,30.3,98.54,0.0,1.43,30.6,0.0,30.0,0.0,31.4,73.2,1.3,2.49,1.831,354.7,0.68
1725122400,A4100209,30.2,98.54,0.0,2.26,30.3,0.0,30.0,0.0,31.2,71.0,1.3,2.47,1.813,161.9,0.66
1725122700,A4100209,30.1,98.54,0.0,1.44,30.2,0.0,29.9,0.0,31.1,63.9,1.3,2.44,1.815,225.1,0.48
1725123000,A4100209,30.0,98.54,0.0,1.32,30.1,0.0,29.8,0.0,31.0,58.3,1.3,2.41,1.825,354.0,0.43
1725123300,A4100209,29.8,98.54,0.0,0.92,30.0,0.0,29.5,0.0,30.8,54.1,1.2,2.35,1.835,19.6,0.33
1725123600,A4100209,29.6,98.54,0.0,0.89,29.8,0.0,29.5,0.0,30.6,46.4,1.3,2.32,1.84,16.4,0.37
1725123900,A4100209,29.5,98.54,0.0,1.06,29.7,0.0,29.3,0.0,30.4,40.4,1.3,2.27,1.847,50.6,0.41
1725124200,A4100209,29.1,98.55,0.0,1.04,29.4,0.0,28.8,0.0,30.2,35.1,1.3,2.15,1.875,357.1,0.47
1725124500,A4100209,28.8,98.55,0.0,1.2,29.1,0.0,28.5,0.0,30.0,31.1,1.3,2.07,1.889,17.5,0.48
1725124800,A4100209,28.5,98.55,0.0,1.01,28.8,0.0,28.4,0.0,29.7,26.2,1.3,2.0,1.898,5.0,0.56
1725125100,A4100209,28.3,98.55,0.0,1.22,28.4,0.0,28.1,0.0,29.4,20.2,1.3,1.95,1.885,268.8,0.49
1725125400,A4100209,28.3,98.56,0.0,0.91,28.5,0.0,28.1,0.0,29.1,14.9,1.3,1.97,1.876,288.3,0.42
1725125700,A4100209,28.2,98.56,0.0,1.08,28.4,0.0,27.9,0.0,28.9,10.5,1.3,1.94,1.875,273.3,0.45
1725126000,A4100209,27.9,98.56,0.0,1.44,28.2,0.0,27.6,0.0,28.6,6.5,1.3,1.87,1.883,238.2,0.54
1725126300,A4100209,27.6,98.57,0.0,1.24,27.7,0.0,27.4,0.0,28.4,0.0,1.3,1.78,1.9,243.0,0.5
1725126600,A4100209,27.4,98.57,0.0,1.25,27.6,0.0,27.2,0.0,28.2,0.0,1.3,1.77,1.879,259.4,0.52
1725126900,A4100209,27.1,98.57,0.0,0.95,27.4,0.0,26.9,0.0,27.9,0.0,1.3,1.71,1.877,226.9,0.5
1725127200,A4100209,26.9,98.58,0.0,1.41,27.1,0.0,26.6,0.0,27.6,0.0,1.3,1.67,1.876,227.2,0.54
1725127500,A4100209,26.7,98.59,0.0,1.31,27.0,0.0,26.5,0.0,27.4,0.0,1.3,1.62,1.873,263.6,0.6
1725127800,A4100209,26.5,98.59,0.0,1.7,26.7,0.0,26.3,0.0,27.1,0.0,1.3,1.59,1.87,209.2,0.67
1725128100,A4100209,26.4,98.59,0.0,1.83,26.7,0.0,26.1,0.0,26.9,0.0,1.3,1.58,1.867,172.8,0.98
1725128400,A4100209,26.2,98.6,0.0,1.54,26.5,0.0,26.0,0.0,26.8,0.0,1.3,1.54,1.863,219.9,0.71
1725128700,A4100209,26.1,98.6,0.0,1.91,26.6,0.0,25.7,0.0,26.6,0.0,1.3,1.52,1.865,225.7,0.82
1725129000,A4100209,25.9,98.61,0.0,1.96,26.3,0.0,25.6,0.0,26.4,0.0,1.3,1.49,1.855,211.7,0.73
1725129300,A4100209,25.6,98.61,0.0,1.83,25.8,0.0,25.4,0.0,26.2,0.0,1.3,1.43,1.854,228.8,0.73
1725129600,A4100209,25.9,98.61,0.0,2.65,26.4,0.0,25.6,0.0,26.0,0.0,1.3,1.49,1.843,96.7,0.65
1725129900,A4100209,25.9,98.62,0.0,2.66,26.2,0.0,25.6,0.0,25.9,0.0,1.3,1.48,1.849,106.3,0.95
1725130200,A4100209,25.7,98.62,0.0,2.2,25.9,0.0,25.4,0.0,25.8,0.0,1.3,1.42,1.868,58.5,0.73
1725130500,A4100209,25.8,98.62,0.0,2.25,26.1,0.0,25.7,0.0,25.7,0.0,1.3,1.45,1.881,112.6,1.12
1725130800,A4100209,25.6,98.63,0.0,1.71,25.9,0.0,25.2,0.0,25.7,0.0,1.3,1.37,1.897,174.5,0.72
1725131100,A4100209,26.0,98.63,0.0,3.19,26.3,0.0,25.6,0.0,25.6,0.0,1.3,1.46,1.901,139.7,1.27
1725131400,A4100209,26.0,98.63,0.0,2.72,26.2,0.0,25.8,0.0,25.6,0.0,1.3,1.44,1.912,130.4,1.23
1725131700,A4100209,25.9,98.63,0.0,3.0,26.1,0.0,25.8,0.0,25.6,0.0,1.3,1.43,1.92,139.4,1.33
1725132000,A4100209,26.0,98.63,0.0,2.77,26.1,0.0,25.7,0.0,25.7,0.0,1.3,1.42,1.929,132.2,1.4
1725132300,A4100209,25.8,98.63,0.0,3.7,26.0,0.0,25.6,0.0,25.7,0.0,1.3,1.39,1.934,132.0,1.31
1725132600,A4100209,25.8,98.64,0.0,3.11,26.0,0.0,25.6,0.0,25.6,0.0,1.3,1.39,1.933,126.0,1.2
1725132900,A4100209,25.8,98.64,0.0,2.86,26.1,0.0,25.4,0.0,25.6,0.0,1.3,1.4,1.924,120.3,1.1
1725133200,A4100209,26.0,98.64,0.0,2.99,26.1,0.0,25.8,0.0,25.6,0.0,1.3,1.44,1.909,115.8,1.34
1725133500,A4100209,26.0,98.64,0.0,2.69,26.2,0.0,25.8,0.0,25.6,0.0,1.3,1.46,1.897,115.0,1.16
1725133800,A4100209,26.2,98.64,0.0,3.48,26.4,0.0,25.9,0.0,25.6,0.0,1.3,1.52,1.873,140.7,1.25
1725134100,A4100209,26.5,98.64,0.0,3.55,27.0,0.0,26.1,0.0,25.7,0.0,1.3,1.61,1.844,112.0,1.47
1725134400,A4100209,26.6,98.64,0.0,3.85,26.9,0.0,26.2,0.0,25.8,0.0,1.3,1.66,1.819,126.9,1.17
1725134700,A4100209,26.4,98.65,0.0,2.76,26.6,0.0,26.1,0.0,25.9,0.0,1.3,1.64,1.808,126.2,1.06
1725135000,A4100209,26.6,98.65,0.0,2.77,27.1,0.0,26.3,0.0,26.0,0.0,1.3,1.69,1.787,145.6,1.18
1725135300,A4100209,26.5,98.65,0.0,2.01,26.8,0.0,26.1,0.0,26.0,0.0,1.3,1.69,1.771,148.1,0.84
1725135600,A4100209,26.5,98.66,0.0,2.78,26.8,0.0,26.1,0.0,26.0,0.0,1.3,1.71,1.757,189.2,1.07
1725135900,A4100209,26.4,98.67,0.0,2.05,26.7,0.0,26.0,0.0,26.0,0.0,1.3,1.69,1.75,188.7,0.89
1725136200,A4100209,26.4,98.67,0.0,4.16,26.9,0.0,26.0,0.0,26.0,0.0,1.3,1.7,1.742,186.6,1.08
1725136500,A4100209,26.6,98.67,0.0,2.78,26.9,0.0,26.3,0.0,26.0,0.0,1.3,1.74,1.733,173.1,1.34
1725136800,A4100209,26.4,98.67,0.0,3.06,26.8,0.0,26.0,0.0,26.0,0.0,1.3,1.71,1.73,178.9,1.14
1725137100,A4100209,26.2,98.68,0.0,2.24,26.7,0.0,25.6,0.0,26.0,0.0,1.3,1.68,1.722,204.6,0.99
1725137400,A4100209,25.9,98.69,0.0,1.98,26.2,0.0,25.4,0.0,26.0,0.0,1.3,1.62,1.721,210.5,0.73
1725137700,A4100209,25.8,98.69,0.0,2.03,26.2,0.0,25.5,0.0,25.9,0.0,1.3,1.6,1.714,198.3,1.0
1725138000,A4100209,25.5,98.7,0.0,1.86,25.8,0.0,25.2,0.0,25.7,0.0,1.3,1.56,1.707,213.1,0.75
1725138300,A4100209,25.5,98.71,0.0,2.16,25.8,0.0,25.3,0.0,25.6,0.0,1.3,1.55,1.703,218.6,0.77
1725138600,A4100209,25.4,98.71,0.0,1.84,25.6,0.0,25.0,0.0,25.4,0.0,1.3,1.54,1.694,224.0,0.76
1725138900,A4100209,25.0,98.71,0.0,2.85,25.3,0.0,24.7,0.0,25.3,0.0,1.3,1.47,1.695,188.3,1.16
1725139200,A4100209,24.6,98.71,0.0,2.67,25.1,0.0,24.3,0.0,25.1,0.0,1.3,1.38,1.701,182.6,1.46
1725139500,A4100209,24.2,98.71,0.0,2.69,24.5,0.0,24.0,0.0,24.9,0.0,1.3,1.33,1.692,174.3,1.47
1725139800,A4100209,24.2,98.71,0.0,2.5,24.5,0.0,24.1,0.0,24.7,0.0,1.3,1.35,1.675,162.7,1.31
1725140100,A4100209,24.5,98.72,0.0,2.75,24.8,0.0,24.2,0.0,24.5,0.0,1.3,1.41,1.657,159.2,1.45
1725140400,A4100209,24.6,98.71,0.0,3.79,25.0,0.0,24.4,0.0,24.4,0.0,1.3,1.44,1.646,135.7,1.52
1725140700,A4100209,24.5,98.71,0.0,3.58,24.8,0.0,24.2,0.0,24.4,0.0,1.3,1.43,1.644,139.8,1.26
1725141000,A4100209,24.3,98.71,0.0,3.19,24.6,0.0,24.0,0.0,24.3,0.0,1.3,1.4,1.641,177.8,1.27
1725141300,A4100209,24.2,98.71,0.0,3.35,24.4,0.0,24.0,0.0,24.2,0.0,1.3,1.37,1.641,164.5,1.58
1725141600,A4100209,24.0,98.71,0.0,3.78,24.4,0.0,23.7,0.0,24.2,0.0,1.3,1.34,1.644,163.1,1.45
1725141900,A4100209,23.9,98.72,0.0,2.89,24.4,0.0,23.7,0.0,24.1,0.0,1.3,1.32,1.648,169.6,1.53
1725142200,A4100209,23.8,98.71,0.0,2.6,24.1,0.0,23.6,0.0,24.0,0.0,1.3,1.3,1.652,184.5,1.34
1725142500,A4100209,23.7,98.72,0.0,3.07,24.1,0.0,23.4,0.0,23.9,0.0,1.3,1.27,1.652,187.8,1.25
1725142800,A4100209,23.6,98.72,0.0,2.81,23.8,0.0,23.4,0.0,23.8,0.0,1.3,1.25,1.656,187.5,1.18
1725143100,A4100209,23.6,98.72,0.0,3.29,23.8,0.0,23.4,0.0,23.6,0.0,1.3,1.25,1.656,190.1,1.22
1725143400,A4100209,23.3,98.73,0.0,2.6,23.5,0.0,23.2,0.0,23.5,0.0,1.3,1.2,1.66,195.3,1.24
1725143700,A4100209,23.3,98.73,0.0,2.19,23.5,0.0,23.1,0.0,23.4,0.0,1.3,1.19,1.663,203.2,1.04
1725144000,A4100209,23.2,98.73,0.0,2.24,23.3,0.0,23.0,0.0,23.3,0.0,1.3,1.16,1.669,185.1,1.22
1725144300,A4100209,23.0,98.72,0.0,2.19,23.2,0.0,22.8,0.0,23.2,0.0,1.3,1.14,1.671,191.7,1.21
1725144600,A4100209,23.0,98.72,0.0,2.06,23.2,0.0,22.7,0.0,23.1,0.0,1.3,1.13,1.677,198.9,1.02
1725144900,A4100209,22.9,98.71,0.0,2.28,23.2,0.0,22.6,0.0,23.0,0.0,1.3,1.1,1.68,212.3,0.85
1725145200,A4100209,22.9,98.72,0.0,2.04,23.3,0.0,22.6,0.0,22.9,0.0,1.3,1.11,1.68,197.0,0.95
1725145500,A4100209,22.8,98.72,0.0,1.8,23.2,0.0,22.6,0.0,22.8,0.0,1.3,1.1,1.68,195.3,0.89
1725145800,A4100209,22.7,98.72,0.0,2.19,23.0,0.0,22.5,0.0,22.7,0.0,1.3,1.07,1.683,193.5,0.85
1725146100,A4100209,22.7,98.71,0.0,1.89,23.0,0.0,22.4,0.0,22.6,0.0,1.3,1.07,1.688,202.6,0.83
1725146400,A4100209,22.5,98.71,0.0,1.67,22.8,0.0,22.2,0.0,22.6,0.0,1.3,1.03,1.692,194.4,0.67
1725146700,A4100209,22.4,98.7,0.0,1.91,22.7,0.0,22.1,0.0,22.5,0.0,1.3,1.01,1.697,202.7,0.6
1725147000,A4100209,22.4,98.7,0.0,1.61,22.7,0.0,22.2,0.0,22.4,0.0,1.3,1.01,1.701,187.9,0.64
1725147300,A4100209,22.1,98.7,0.0,1.03,22.6,0.0,22.0,0.0,22.3,0.0,1.3,0.96,1.704,179.7,0.46
1725147600,A4100209,22.0,98.69,0.0,1.7,22.5,0.0,21.6,0.0,22.2,0.0,1.3,0.94,1.709,173.4,0.84
1725147900,A4100209,21.9,98.68,0.0,2.43,22.0,0.0,21.7,0.0,22.1,0.0,1.3,0.9,1.715,180.3,0.88
1725148200,A4100209,22.0,98.68,0.0,1.3,22.2,0.0,21.7,0.0,22.0,0.0,1.4,0.92,1.716,184.7,0.7
1725148500,A4100209,21.8,98.68,0.0,1.6,22.2,0.0,21.6,0.0,21.9,0.0,1.3,0.89,1.721,180.5,0.71
1725148800,A4100209,22.0,98.67,0.0,1.59,22.4,0.0,21.6,0.0,21.8,0.0,1.3,0.91,1.725,194.0,0.78
1725149100,A4100209,21.9,98.67,0.0,1.2,22.3,0.0,21.5,0.0,21.8,0.0,1.3,0.9,1.731,208.9,0.63
1725149400,A4100209,22.0,98.67,0.0,1.42,22.6,0.0,21.6,0.0,21.7,0.0,1.3,0.9,1.733,194.8,0.65
1725149700,A4100209,22.0,98.66,0.0,1.4,22.5,0.0,21.6,0.0,21.7,0.0,1.3,0.91,1.737,177.9,0.67
1725150000,A4100209,22.0,98.66,0.0,1.66,22.6,0.0,21.5,0.0,21.7,0.0,1.3,0.91,1.741,166.9,0.7
1725150300,A4100209,21.8,98.65,0.0,1.14,22.2,0.0,21.5,0.0,21.6,0.0,1.3,0.86,1.746,203.2,0.53
1725150600,A4100209,21.5,98.65,0.0,0.84,21.7,0.0,21.3,0.0,21.6,0.0,1.3,0.81,1.748,326.2,0.45
1725150900,A4100209,21.5,98.65,0.0,0.99,21.9,0.0,21.2,0.0,21.5,0.0,1.3,0.82,1.743,340.9,0.4
1725151200,A4100209,21.8,98.65,0.0,1.54,22.8,0.0,21.3,0.0,21.4,0.0,1.3,0.86,1.743,118.5,0.51
1725151500,A4100209,21.6,98.64,0.0,1.53,22.0,0.0,21.3,0.0,21.3,0.0,1.3,0.83,1.75,88.7,0.49
1725151800,A4100209,21.7,98.64,0.0,1.87,22.6,0.0,21.3,0.0,21.3,0.0,1.3,0.84,1.751,149.1,0.52
1725152100,A4100209,22.2,98.63,0.0,2.65,22.9,0.0,21.6,0.0,21.3,0.0,1.3,0.92,1.756,156.5,1.02
1725152400,A4100209,22.3,98.63,0.0,1.75,22.8,0.0,22.0,0.0,21.4,0.0,1.3,0.92,1.764,182.3,0.86
1725152700,A4100209,22.7,98.62,0.0,3.82,23.2,0.0,22.2,0.0,21.5,0.0,1.3,0.99,1.767,159.4,1.24
1725153000,A4100209,22.6,98.61,0.0,2.35,23.1,0.0,22.1,0.0,21.7,0.0,1.3,0.97,1.775,153.4,0.91
1725153300,A4100209,22.4,98.61,0.0,1.46,22.8,0.0,22.1,0.0,21.8,0.0,1.3,0.92,1.783,137.7,0.56
1725153600,A4100209,22.2,98.61,0.0,2.1,23.0,0.0,21.6,0.0,21.9,0.0,1.3,0.89,1.785,175.8,0.74
1725153900,A4100209,21.7,98.61,0.0,1.14,22.2,0.0,21.4,0.0,21.8,0.0,1.3,0.8,1.784,331.0,0.46
1725154200,A4100209,21.4,98.61,0.0,1.13,21.6,0.0,21.1,0.0,21.7,0.0,1.3,0.77,1.775,323.8,0.58
1725154500,A4100209,21.6,98.61,0.0,1.49,22.1,0.0,21.2,0.0,21.6,0.0,1.3,0.81,1.765,340.1,0.7
1725154800,A4100209,21.6,98.61,0.0,1.27,22.0,0.0,21.4,0.0,21.5,0.0,1.3,0.82,1.764,5.4,0.55
1725155100,A4100209,21.4,98.61,0.0,1.41,21.6,0.0,21.3,0.0,21.4,0.0,1.3,0.79,1.76,10.5,0.74
1725155400,A4100209,21.1,98.61,0.0,0.82,21.4,0.0,20.7,0.0,21.3,0.0,1.4,0.73,1.766,333.4,0.47
1725155700,A4100209,21.1,98.6,0.0,0.77,21.2,0.0,20.9,0.0,21.1,0.0,1.3,0.74,1.76,2.2,0.39
1725156000,A4100209,20.9,98.6,0.0,0.67,21.1,0.0,20.7,0.0,21.0,0.0,1.3,0.71,1.754,359.7,0.23
1725156300,A4100209,20.8,98.59,0.0,0.58,21.1,0.0,20.5,0.0,20.8,0.0,1.4,0.69,1.756,330.9,0.23
1725156600,A4100209,20.7,98.58,0.0,0.56,20.9,0.0,20.5,0.0,20.7,0.0,1.3,0.69,1.75,338.2,0.3
1725156900,A4100209,20.5,98.58,0.0,0.63,20.8,0.0,20.2,0.0,20.5,0.0,1.4,0.66,1.749,345.0,0.39
1725157200,A4100209,20.4,98.57,0.0,0.85,20.6,0.0,20.1,0.0,20.4,0.0,1.3,0.64,1.75,12.2,0.44
1725157500,A4100209,20.1,98.57,0.0,0.74,20.4,0.0,19.9,0.0,20.2,0.0,1.3,0.6,1.755,25.8,0.44
1725157800,A4100209,19.9,98.57,0.0,0.89,20.0,0.0,19.8,0.0,20.1,0.0,1.3,0.57,1.757,316.1,0.31
1725158100,A4100209,19.8,98.57,0.0,0.91,19.9,0.0,19.7,0.0,19.9,0.0,1.3,0.55,1.757,283.8,0.25
1725158400,A4100209,19.8,98.58,0.0,0.52,20.0,0.0,19.7,0.0,19.8,0.0,1.4,0.55,1.757,67.6,0.16
1725158700,A4100209,19.7,98.58,0.0,0.79,20.0,0.0,19.5,0.0,19.7,0.0,1.3,0.53,1.762,92.7,0.24
1725159000,A4100209,19.8,98.57,0.0,0.42,20.0,0.0,19.6,0.0,19.6,0.0,1.3,0.54,1.761,225.6,0.2
1725159300,A4100209,19.7,98.57,0.0,0.5,20.0,0.0,19.4,0.0,19.5,0.0,1.3,0.53,1.758,222.7,0.17
1725159600,A4100209,19.8,98.56,0.0,1.49,20.0,0.0,19.6,0.0,19.4,0.0,1.3,0.56,1.758,183.1,0.5
1725159900,A4100209,20.0,98.56,0.0,1.45,20.1,0.0,19.8,0.0,19.4,0.0,1.4,0.58,1.759,207.4,0.57
1725160200,A4100209,20.2,98.55,0.0,1.18,20.4,0.0,19.9,0.0,19.5,0.0,1.4,0.6,1.762,209.2,0.37
1725160500,A4100209,20.0,98.55,0.0,1.61,20.2,0.0,19.8,0.0,19.5,0.0,1.4,0.58,1.762,93.0,0.57
1725160800,A4100209,19.5,98.55,0.0,0.83,19.9,0.0,19.3,0.0,19.5,0.0,1.4,0.5,1.77,59.3,0.35
1725161100,A4100209,19.2,98.55,0.0,0.86,19.5,0.0,19.0,0.0,19.4,0.0,1.3,0.45,1.766,48.2,0.24
1725161400,A4100209,19.4,98.55,0.0,1.07,19.7,0.0,19.0,0.0,19.3,0.0,1.4,0.49,1.764,83.8,0.66
1725161700,A4100209,19.1,98.55,0.0,1.02,19.7,0.0,18.8,0.0,19.2,0.0,1.4,0.45,1.759,65.6,0.32
1725162000,A4100209,19.4,98.55,0.0,1.48,19.8,0.0,19.2,0.0,19.2,0.0,1.3,0.5,1.758,101.0,0.61
1725162300,A4100209,19.4,98.55,0.0,1.24,19.9,0.0,18.8,0.0,19.1,0.0,1.4,0.49,1.755,116.4,0.45
1725162600,A4100209,19.2,98.56,0.0,0.97,19.6,0.0,18.9,0.0,19.1,0.0,1.4,0.47,1.756,284.1,0.31
1725162900,A4100209,19.3,98.56,0.0,0.86,19.7,0.0,19.1,0.0,19.0,0.0,1.4,0.49,1.752,325.9,0.3
1725163200,A4100209,19.6,98.56,0.0,1.44,20.0,0.0,19.1,0.0,19.0,0.0,1.3,0.52,1.751,122.6,0.52
1725163500,A4100209,19.4,98.56,0.0,1.01,19.8,0.0,19.1,0.0,19.0,0.0,1.3,0.49,1.754,23.3,0.32
1725163800,A4100209,19.2,98.56,0.0,0.85,19.6,0.0,19.0,0.0,19.0,0.0,1.3,0.46,1.758,70.5,0.34
1725164100,A4100209,19.1,98.56,0.0,0.88,19.3,0.0,18.8,0.0,18.9,0.0,1.4,0.45,1.756,68.5,0.4
1725164400,A4100209,19.1,98.55,0.0,0.76,19.4,0.0,18.9,0.0,18.8,0.0,1.4,0.46,1.754,171.6,0.28
1725164700,A4100209,19.2,98.55,0.0,0.84,19.3,0.0,19.0,0.0,18.8,5.4,1.4,0.46,1.756,169.8,0.34
1725165000,A4100209,19.1,98.54,0.0,1.47,19.3,0.0,18.9,0.0,18.8,9.9,1.4,0.46,1.759,210.1,0.47
1725165300,A4100209,18.9,98.54,0.0,1.06,19.1,0.0,18.6,0.0,18.8,14.9,1.3,0.43,1.758,266.7,0.3
1725165600,A4100209,18.9,98.53,0.0,0.83,19.2,0.0,18.6,0.0,18.8,19.3,1.3,0.42,1.761,318.0,0.25
1725165900,A4100209,19.0,98.53,0.0,1.26,19.3,0.0,18.8,0.0,18.8,23.6,1.3,0.44,1.763,165.9,0.43
1725166200,A4100209,19.1,98.52,0.0,0.88,19.2,0.0,18.9,0.0,18.9,28.5,1.3,0.44,1.767,145.2,0.31
1725166500,A4100209,19.0,98.53,0.0,1.13,19.2,0.0,18.8,0.0,18.9,28.1,1.3,0.43,1.769,101.8,0.48
1725166800,A4100209,18.9,98.53,0.0,0.87,19.1,0.0,18.8,0.0,18.9,33.8,1.4,0.41,1.772,91.0,0.41
1725167100,A4100209,18.8,98.52,0.0,0.85,18.9,0.0,18.7,0.0,19.0,41.3,1.4,0.4,1.776,96.0,0.59
1725167400,A4100209,18.9,98.52,0.0,1.05,19.1,0.0,18.8,0.0,19.0,50.6,1.4,0.4,1.779,103.7,0.55
1725167700,A4100209,18.9,98.51,0.0,1.27,19.0,0.0,18.8,0.0,19.1,60.0,1.4,0.4,1.783,105.3,0.62
1725168000,A4100209,19.0,98.51,0.0,1.23,19.2,0.0,18.9,0.0,19.2,67.7,1.3,0.41,1.789,102.7,0.56
1725168300,A4100209,19.1,98.5,0.0,0.99,19.2,0.0,19.0,0.0,19.4,77.4,1.3,0.41,1.802,86.4,0.44
1725168600,A4100209,19.4,98.49,0.0,1.03,19.6,0.0,19.2,0.0,19.5,91.5,1.3,0.43,1.811,67.1,0.46
1725168900,A4100209,19.5,98.46,0.0,0.82,19.8,0.0,19.2,0.0,20.0,126.9,1.3,0.43,1.839,76.3,0.28
1725169200,A4100209,19.8,98.46,0.0,0.87,20.3,0.0,19.6,0.0,20.4,134.0,1.3,0.45,1.862,282.1,0.27
1725169500,A4100209,20.4,98.45,0.0,0.7,21.0,0.0,19.9,0.0,20.9,147.6,1.3,0.51,1.883,306.0,0.35
1725169800,A4100209,20.9,98.45,0.0,0.96,21.4,0.0,20.4,0.0,21.4,151.5,1.3,0.56,1.909,324.3,0.42
1725170100,A4100209,21.1,98.44,0.0,0.86,21.7,0.0,20.8,0.0,22.0,166.3,1.3,0.57,1.935,329.7,0.45
1725170400,A4100209,20.9,98.43,0.0,1.58,21.8,0.0,20.4,0.0,22.4,187.4,1.4,0.53,1.94,283.7,0.55
1725170700,A4100209,21.0,98.42,0.0,1.82,21.9,0.0,20.5,0.0,22.9,195.4,1.3,0.53,1.957,74.0,0.55
1725171000,A4100209,21.6,98.42,0.0,0.76,22.3,0.0,21.0,0.0,23.3,206.7,1.3,0.61,1.963,285.3,0.33
1725171300,A4100209,22.0,98.41,0.0,0.99,22.9,0.0,20.9,0.0,23.8,233.2,1.3,0.65,1.982,305.4,0.51
1725171600,A4100209,22.6,98.4,0.0,0.89,23.5,0.0,22.1,0.0,24.3,242.1,1.3,0.73,2.002,307.7,0.47
1725171900,A4100209,22.8,98.4,0.0,0.94,23.4,0.0,22.3,0.0,24.8,246.5,1.3,0.75,2.028,287.9,0.52
1725172200,A4100209,23.0,98.4,0.0,1.31,23.9,0.0,22.1,0.0,25.4,271.9,1.3,0.76,2.051,304.2,0.52
1725172500,A4100209,23.3,98.39,0.0,1.08,24.1,0.0,22.4,0.0,25.9,285.7,1.3,0.8,2.066,319.1,0.53
1725172800,A4100209,23.3,98.39,0.0,1.42,24.7,0.0,22.8,0.0,26.3,291.1,1.3,0.79,2.073,298.5,0.73
1725173100,A4100209,23.5,98.39,0.0,1.43,24.3,0.0,22.9,0.0,26.7,311.3,1.3,0.83,2.065,304.9,0.76
1725173400,A4100209,23.6,98.38,0.0,1.59,24.0,0.0,22.8,0.0,27.0,333.6,1.3,0.84,2.073,300.8,0.71
1725173700,A4100209,24.2,98.37,0.0,1.62,25.2,0.0,23.4,0.0,27.4,349.1,1.3,0.93,2.083,319.5,0.7
1725174000,A4100209,24.3,98.38,0.0,1.48,25.4,0.0,22.8,0.0,27.8,352.0,1.3,0.95,2.094,350.3,0.7
1725174300,A4100209,24.6,98.39,0.0,1.42,26.0,0.0,23.7,0.0,28.0,333.9,1.3,1.0,2.098,328.6,0.72
1725174600,A4100209,24.6,98.4,0.0,1.6,25.8,0.0,24.1,0.0,28.2,306.5,1.3,1.0,2.091,311.6,0.85
1725174900,A4100209,24.5,98.41,0.0,1.59,25.5,0.0,24.1,0.0,28.2,281.1,1.3,1.0,2.078,313.9,0.76
1725175200,A4100209,24.9,98.41,0.0,1.43,25.7,0.0,24.1,0.0,28.2,283.4,1.3,1.07,2.083,333.1,0.58
1725175500,A4100209,24.7,98.41,0.0,1.35,25.6,0.0,23.4,0.0,28.3,304.4,1.3,1.03,2.082,325.1,0.65
1725175800,A4100209,25.3,98.4,0.0,1.26,26.1,0.0,23.8,0.0,28.5,359.5,1.3,1.12,2.1,328.5,0.54
1725176100,A4100209,25.4,98.39,0.0,1.74,26.8,0.0,24.8,0.0,28.8,393.9,1.3,1.13,2.104,309.5,0.83
1725176400,A4100209,25.6,98.39,0.0,1.67,26.6,0.0,24.4,0.0,29.1,420.6,1.3,1.17,2.119,318.7,0.76
1725176700,A4100209,25.9,98.39,0.0,1.96,27.2,0.0,25.0,0.0,29.3,417.8,1.3,1.21,2.127,318.6,0.71
1725177000,A4100209,25.9,98.38,0.0,2.0,27.0,0.0,24.4,0.0,29.6,453.6,1.3,1.19,2.139,308.9,0.86
1725177300,A4100209,25.5,98.38,0.0,3.1,26.6,0.0,24.2,0.0,29.7,463.1,1.3,1.16,2.095,255.3,0.81
1725177600,A4100209,26.1,98.37,0.0,2.03,27.6,0.0,24.5,0.0,29.8,484.0,1.3,1.29,2.087,341.5,0.88
1725177900,A4100209,26.9,98.38,0.0,1.82,28.0,0.0,26.1,0.0,30.0,461.2,1.3,1.41,2.127,311.4,0.97
1725178200,A4100209,26.3,98.41,0.0,1.6,27.8,0.0,25.1,0.0,29.9,342.9,1.3,1.3,2.128,318.1,0.86
1725178500,A4100209,26.4,98.38,0.0,2.5,27.2,0.0,25.7,0.0,30.1,474.6,1.3,1.33,2.119,307.6,1.12
1725178800,A4100209,25.9,98.38,0.0,2.22,27.0,0.0,25.2,0.0,30.2,513.6,1.3,1.26,2.083,276.7,0.83
1725179100,A4100209,26.4,98.38,0.0,2.81,27.6,0.0,25.4,0.0,30.2,500.7,1.3,1.35,2.078,295.7,0.83
1725179400,A4100209,26.4,98.38,0.0,2.74,27.5,0.0,25.3,0.0,30.2,492.8,1.3,1.36,2.091,294.7,1.04
1725179700,A4100209,27.1,98.37,0.0,2.5,28.6,0.0,25.4,0.0,30.4,532.8,1.3,1.46,2.119,308.2,1.11
1725180000,A4100209,27.4,98.39,0.0,2.38,28.7,0.0,26.6,0.0,30.4,458.8,1.3,1.52,2.137,316.0,1.19
1725180300,A4100209,27.5,98.37,0.0,2.21,29.0,0.0,26.7,0.0,30.6,558.7,1.3,1.51,2.16,313.3,1.22
1725180600,A4100209,27.5,98.37,0.0,2.94,29.0,0.0,26.0,0.0,30.8,572.5,1.3,1.48,2.184,315.9,1.27
1725180900,A4100209,27.4,98.37,0.0,3.14,28.2,0.0,26.4,0.0,31.0,576.4,1.3,1.46,2.188,301.1,1.4
1725181200,A4100209,27.0,98.37,0.0,3.38,27.8,0.0,26.5,0.0,31.0,592.2,1.3,1.38,2.176,302.6,1.71
1725181500,A4100209,27.3,98.37,0.0,3.51,28.3,0.0,26.4,0.0,31.0,599.4,1.3,1.46,2.169,309.0,1.57
1725181800,A4100209,27.2,98.36,0.0,3.08,28.3,0.0,26.7,0.0,30.9,607.4,1.3,1.44,2.167,307.9,1.72
1725182100,A4100209,27.4,98.36,0.0,3.01,28.6,0.0,26.6,0.0,30.9,616.6,1.3,1.48,2.169,306.7,1.59
1725182400,A4100209,28.0,98.36,0.0,2.65,29.4,0.0,27.2,0.0,30.9,618.2,1.3,1.59,2.178,318.6,1.2
1725182700,A4100209,27.9,98.36,0.0,2.54,29.4,0.0,27.0,0.0,31.0,595.3,1.3,1.58,2.185,315.5,1.13
1725183000,A4100209,28.0,98.35,0.0,2.98,29.1,0.0,27.2,0.0,31.2,625.7,1.3,1.58,2.192,319.5,1.3
1725183300,A4100209,28.2,98.35,0.0,3.16,29.4,0.0,27.4,0.0,31.3,638.0,1.3,1.63,2.191,312.1,1.35
1725183600,A4100209,28.5,98.35,0.0,2.82,29.6,0.0,27.4,0.0,31.4,642.0,1.3,1.68,2.205,317.0,0.96
1725183900,A4100209,29.0,98.34,0.0,2.9,30.5,0.0,27.4,0.0,31.6,645.5,1.3,1.8,2.217,314.6,1.18
1725184200,A4100209,29.4,98.34,0.0,1.9,30.4,0.0,28.0,0.0,31.9,651.4,1.3,1.86,2.228,336.4,0.95
1725184500,A4100209,28.9,98.34,0.0,3.0,29.9,0.0,27.9,0.0,32.1,655.9,1.3,1.75,2.232,312.7,1.32
1725184800,A4100209,28.8,98.34,0.0,3.52,29.6,0.0,27.8,0.0,32.2,658.4,1.3,1.73,2.226,307.2,1.56
1725185100,A4100209,29.2,98.33,0.0,2.6,30.2,0.0,28.4,0.0,32.3,668.8,1.3,1.82,2.23,315.8,1.3
1725185400,A4100209,29.3,98.32,0.0,2.49,30.4,0.0,28.3,0.0,32.4,671.9,1.3,1.84,2.227,3.6,1.24
1725185700,A4100209,30.0,98.32,0.0,2.19,31.4,0.0,27.8,0.0,32.5,676.6,1.3,2.0,2.235,327.7,0.89
1725186000,A4100209,30.2,98.31,0.0,3.13,30.8,0.0,28.7,0.0,32.7,682.0,1.2,2.04,2.239,309.8,1.48
1725186300,A4100209,29.9,98.31,0.0,3.36,31.2,0.0,28.6,0.0,32.9,681.2,1.3,1.96,2.258,305.0,1.2
1725186600,A4100209,29.1,98.3,0.0,2.44,31.6,0.0,27.7,0.0,33.1,689.5,1.3,1.82,2.205,239.5,1.07
1725186900,A4100209,29.0,98.3,0.0,2.12,31.1,0.0,27.9,0.0,33.0,685.4,1.3,1.85,2.161,253.4,1.05
1725187200,A4100209,29.3,98.29,0.0,3.41,30.8,0.0,28.1,0.0,32.9,685.9,1.3,1.91,2.161,281.0,1.35
1725187500,A4100209,30.7,98.28,0.0,1.83,32.1,0.0,29.3,0.0,32.9,681.8,1.3,2.24,2.171,317.5,0.97
1725187800,A4100209,30.5,98.28,0.0,2.73,31.8,0.0,28.7,0.0,33.2,661.0,1.2,2.17,2.199,305.6,1.44
1725188100,A4100209,29.1,98.29,0.0,2.2,30.0,0.0,28.0,0.0,33.2,402.4,1.3,1.86,2.167,308.9,0.87
1725188400,A4100209,29.2,98.27,0.0,3.46,30.7,0.0,28.3,0.0,33.1,629.8,1.3,1.91,2.147,265.1,1.02
1725188700,A4100209,29.2,98.26,0.0,4.13,30.2,0.0,28.4,0.0,33.0,675.9,1.3,1.9,2.154,216.1,1.43
1725189000,A4100209,29.5,98.26,0.0,2.28,30.8,0.0,28.4,0.0,32.9,671.0,1.3,1.96,2.158,265.2,0.97
1725189300,A4100209,31.0,98.25,0.0,3.33,32.7,0.0,29.6,0.0,32.9,659.8,1.3,2.34,2.155,325.2,1.28
1725189600,A4100209,29.7,98.25,0.0,3.45,31.6,0.0,28.7,0.0,33.1,647.5,1.3,1.99,2.174,243.1,1.4
1725189900,A4100209,30.2,98.24,0.0,3.41,31.8,0.0,28.9,0.0,33.2,655.6,1.3,2.1,2.179,328.5,1.24
1725190200,A4100209,30.2,98.24,0.0,3.5,31.4,0.0,29.0,0.0,33.2,647.8,1.2,2.13,2.173,24.6,1.16
1725190500,A4100209,31.1,98.23,0.0,5.74,32.3,0.0,29.7,0.0,33.3,620.9,1.3,2.32,2.199,306.9,1.7
1725190800,A4100209,31.2,98.23,0.0,3.29,32.8,0.0,30.0,0.0,33.5,675.2,1.2,2.33,2.22,319.2,1.2
1725191100,A4100209,31.2,98.22,0.0,3.21,32.6,0.0,29.5,0.0,33.8,674.2,1.3,2.3,2.234,334.8,1.11
1725191400,A4100209,31.8,98.22,0.0,3.15,33.0,0.0,30.4,0.0,34.1,668.1,1.2,2.44,2.268,310.9,1.49
1725191700,A4100209,32.0,98.22,0.0,3.45,32.8,0.0,31.2,0.0,34.3,662.9,1.2,2.46,2.287,327.0,1.34
1725192000,A4100209,31.9,98.21,0.0,3.54,32.7,0.0,31.2,0.0,34.5,632.8,1.2,2.45,2.275,316.1,1.49
1725192300,A4100209,32.1,98.21,0.0,2.44,33.2,0.0,30.6,0.0,34.7,578.0,1.2,2.48,2.301,327.3,0.96
1725192600,A4100209,32.0,98.2,0.0,3.36,33.2,0.0,30.9,0.0,34.9,632.1,1.2,2.47,2.299,309.9,1.57
1725192900,A4100209,32.1,98.2,0.0,2.46,33.3,0.0,30.1,0.0,35.0,609.8,1.2,2.48,2.289,306.7,1.28
1725193200,A4100209,32.0,98.2,0.0,3.97,33.0,0.0,30.4,0.0,35.1,578.6,1.2,2.45,2.298,308.4,1.48
1725193500,A4100209,32.2,98.19,0.0,1.98,33.0,0.0,30.7,0.0,35.1,588.1,1.3,2.5,2.293,320.5,1.12
1725193800,A4100209,31.6,98.19,0.0,3.45,32.5,0.0,31.0,0.0,35.1,496.2,1.2,2.36,2.295,313.7,1.82
1725194100,A4100209,31.5,98.19,0.0,3.83,32.3,0.0,30.4,0.0,35.0,512.7,1.2,2.34,2.285,306.4,1.59
1725194400,A4100209,31.7,98.18,0.0,2.99,32.5,0.0,30.9,0.0,34.9,495.5,1.2,2.4,2.271,310.8,1.55
1725194700,A4100209,31.9,98.16,0.0,2.18,33.2,0.0,30.6,0.0,34.9,581.3,1.2,2.46,2.275,324.6,1.03
1725195000,A4100209,31.9,98.17,0.0,3.75,33.2,0.0,30.7,0.0,34.9,475.6,1.2,2.46,2.278,319.2,1.48
1725195300,A4100209,31.6,98.17,0.0,3.4,32.8,0.0,30.6,0.0,34.9,418.3,1.2,2.36,2.274,308.1,1.27
1725195600,A4100209,31.6,98.17,0.0,2.9,32.3,0.0,30.7,0.0,34.8,356.2,1.2,2.36,2.275,317.1,1.34
1725195900,A4100209,31.0,98.18,0.0,2.64,31.7,0.0,29.8,0.0,34.6,287.5,1.2,2.23,2.267,304.6,1.23
1725196200,A4100209,30.5,98.17,0.0,2.78,31.7,0.0,29.2,0.0,34.3,290.5,1.3,2.1,2.259,300.1,1.04
1725196500,A4100209,31.5,98.15,0.0,3.06,32.4,0.0,29.8,0.0,34.2,494.6,1.3,2.36,2.255,331.2,1.04
1725196800,A4100209,31.6,98.14,0.0,2.08,32.4,0.0,30.7,0.0,34.3,520.8,1.2,2.38,2.264,324.8,0.97
1725197100,A4100209,31.6,98.14,0.0,2.68,32.6,0.0,30.1,0.0,34.4,461.9,1.3,2.39,2.268,334.1,1.17
1725197400,A4100209,31.8,98.14,0.0,2.95,32.6,0.0,30.5,0.0,34.5,434.8,1.2,2.45,2.265,327.0,1.11
1725197700,A4100209,31.8,98.14,0.0,3.13,32.4,0.0,30.2,0.0,34.6,406.3,1.2,2.41,2.284,306.7,1.39
1725198000,A4100209,31.5,98.14,0.0,3.25,32.5,0.0,30.7,0.0,34.6,329.9,1.2,2.36,2.26,314.5,1.37
1725198300,A4100209,31.8,98.13,0.0,1.98,32.5,0.0,30.8,0.0,34.6,401.6,1.3,2.45,2.258,332.1,0.86
1725198600,A4100209,31.8,98.11,0.0,2.29,33.2,0.0,30.1,0.0,34.8,462.7,1.2,2.43,2.263,317.1,1.04
1725198900,A4100209,32.0,98.12,0.0,2.99,32.8,0.0,30.7,0.0,34.8,365.3,1.3,2.47,2.271,309.7,1.37
1725199200,A4100209,31.8,98.12,0.0,2.21,32.7,0.0,30.4,0.0,34.8,327.8,1.2,2.46,2.25,320.1,1.18
1725199500,A4100209,31.5,98.12,0.0,2.21,32.6,0.0,30.4,0.0,34.7,292.4,1.2,2.38,2.23,311.2,0.96
1725199800,A4100209,32.0,98.1,0.0,2.68,32.6,0.0,31.2,0.0,34.8,401.6,1.2,2.51,2.244,318.7,1.2
1725200100,A4100209,31.8,98.11,0.0,2.65,32.5,0.0,30.9,0.0,34.7,330.7,1.2,2.44,2.255,312.1,1.25
1725200400,A4100209,31.4,98.12,0.0,2.93,32.2,0.0,30.8,0.0,34.6,261.3,1.2,2.36,2.244,312.3,1.29
1725200700,A4100209,31.4,98.11,0.0,3.19,32.0,0.0,30.8,0.0,34.5,282.1,1.2,2.36,2.245,317.4,1.4
1725201000,A4100209,31.1,98.12,0.0,2.84,31.6,0.0,30.6,0.0,34.2,233.9,1.2,2.29,2.234,312.3,1.42
1725201300,A4100209,31.1,98.12,0.0,2.64,31.6,0.0,30.6,0.0,34.0,216.4,1.2,2.31,2.22,312.0,1.33
1725201600,A4100209,31.1,98.09,0.0,2.72,31.8,0.0,30.5,0.0,33.9,364.6,1.2,2.28,2.238,310.8,1.43
1725201900,A4100209,31.5,98.09,0.0,3.12,32.4,0.0,30.9,0.0,33.8,349.8,1.2,2.38,2.245,317.0,1.41
1725202200,A4100209,31.4,98.1,0.0,2.93,31.8,0.0,30.8,0.0,33.8,294.9,1.2,2.36,2.245,312.9,1.44
1725202500,A4100209,31.5,98.09,0.0,2.51,32.0,0.0,30.9,0.0,33.9,327.2,1.3,2.37,2.261,314.5,1.34
1725202800,A4100209,31.4,98.1,0.0,2.11,31.9,0.0,30.3,0.0,33.8,294.6,1.2,2.35,2.258,318.5,1.1
1725203100,A4100209,31.3,98.11,0.0,2.25,31.8,0.0,30.4,0.0,33.8,260.3,1.2,2.31,2.264,318.8,1.18
1725203400,A4100209,31.1,98.11,0.0,3.0,31.6,0.0,30.3,0.0,33.7,236.8,1.3,2.27,2.249,317.8,1.34
1725203700,A4100209,31.1,98.11,0.0,2.38,31.6,0.0,30.4,0.0,33.6,281.6,1.3,2.27,2.242,314.9,1.28
1725204000,A4100209,31.0,98.11,0.0,2.58,31.6,0.0,30.6,0.0,33.5,238.8,1.3,2.26,2.235,312.5,1.37
1725204300,A4100209,31.0,98.11,0.0,1.88,31.5,0.0,29.8,0.0,33.4,245.9,1.2,2.25,2.228,318.3,1.06
1725204600,A4100209,30.9,98.11,0.0,2.38,31.6,0.0,30.2,0.0,33.2,175.4,1.2,2.22,2.232,306.9,1.25
1725204900,A4100209,30.9,98.12,0.0,2.33,31.4,0.0,30.3,0.0,33.0,169.5,1.2,2.24,2.223,310.4,1.24
1725205200,A4100209,30.8,98.12,0.0,1.96,31.4,0.0,30.2,0.0,32.9,186.9,1.3,2.23,2.221,316.5,1.11
1725205500,A4100209,30.8,98.12,0.0,2.15,31.3,0.0,29.9,0.0,32.8,226.5,1.3,2.23,2.212,313.7,1.19
1725205800,A4100209,30.5,98.12,0.0,2.7,31.2,0.0,29.9,0.0,32.7,182.0,1.3,2.18,2.188,309.1,1.35
1725206100,A4100209,30.4,98.12,0.0,3.04,30.9,0.0,29.9,0.0,32.5,162.1,1.2,2.17,2.173,309.4,1.33
1725206400,A4100209,30.4,98.11,0.0,3.26,30.9,0.0,29.6,0.0,32.5,192.5,1.3,2.18,2.166,303.1,1.58
1725206700,A4100209,30.4,98.11,0.0,1.55,31.0,0.0,29.7,0.0,32.3,168.4,1.3,2.17,2.161,331.4,0.75
1725207000,A4100209,30.1,98.11,0.0,1.89,30.7,0.0,29.5,0.0,32.3,168.6,1.3,2.1,2.158,4.5,0.6
1725207300,A4100209,30.4,98.1,0.0,1.36,31.1,0.0,29.5,0.0,32.2,196.1,1.3,2.17,2.162,349.9,0.7
1725207600,A4100209,30.3,98.1,0.0,1.56,30.7,0.0,29.8,0.0,32.2,176.8,1.3,2.17,2.155,34.1,1.0
1725207900,A4100209,30.2,98.12,0.0,1.44,30.8,0.0,29.7,0.0,32.1,128.5,1.3,2.12,2.166,25.2,0.6
1725208200,A4100209,29.8,98.12,0.0,1.37,30.3,0.0,29.4,0.0,32.0,102.3,1.3,2.06,2.145,301.0,0.63
1725208500,A4100209,29.7,98.12,0.0,1.05,30.2,0.0,29.4,0.0,31.8,88.6,1.2,2.05,2.123,326.7,0.38
1725208800,A4100209,29.7,98.13,0.0,1.27,30.0,0.0,29.4,0.0,31.5,76.5,1.2,2.04,2.116,281.8,0.58
1725209100,A4100209,29.4,98.13,0.0,2.65,29.8,0.0,29.0,0.0,31.3,77.2,1.3,1.98,2.129,89.1,1.28
1725209400,A4100209,28.8,98.12,0.0,4.25,29.2,0.0,28.5,0.0,31.0,78.1,1.3,1.86,2.106,93.2,2.08
1725209700,A4100209,28.6,98.13,0.0,4.04,28.8,0.0,28.4,0.0,30.6,72.5,1.3,1.82,2.081,100.4,2.11
1725210000,A4100209,28.4,98.13,0.0,3.8,28.6,0.0,28.2,0.0,30.2,56.4,1.3,1.78,2.074,93.8,1.66
1725210300,A4100209,27.6,98.13,0.0,3.66,28.2,0.0,26.8,0.0,29.8,43.0,1.3,1.56,2.118,92.2,2.07
1725210600,A4100209,26.6,98.14,0.0,4.85,27.2,0.0,26.1,0.0,29.3,35.3,1.3,1.27,2.196,98.7,2.97
1725210900,A4100209,26.1,98.14,0.0,5.6,26.2,0.0,25.9,0.0,28.7,30.8,1.3,1.15,2.232,98.3,2.82
1725211200,A4100209,25.9,98.15,0.0,4.52,26.1,0.0,25.7,0.0,28.1,26.9,1.3,1.1,2.238,96.6,2.4
1725211500,A4100209,25.8,98.15,0.0,3.64,25.9,0.0,25.7,0.0,27.6,21.6,1.3,1.09,2.232,99.9,1.85
1725211800,A4100209,25.7,98.15,0.0,3.78,25.8,0.0,25.6,0.0,27.2,17.0,1.3,1.08,2.222,104.5,1.75
1725212100,A4100209,25.6,98.16,0.0,2.94,25.7,0.0,25.5,0.0,26.9,11.1,1.3,1.06,2.221,106.8,1.5
1725212400,A4100209,25.5,98.17,0.0,3.41,25.6,0.0,25.4,0.0,26.6,3.7,1.3,1.04,2.217,97.8,1.83
1725212700,A4100209,25.4,98.18,0.0,3.35,25.5,0.0,25.3,0.0,26.3,0.0,1.3,1.04,2.209,96.1,1.42
1725213000,A4100209,25.4,98.18,0.0,4.06,25.5,0.0,25.3,0.0,26.1,0.0,1.3,1.05,2.194,98.2,2.08
1725213300,A4100209,25.3,98.18,0.0,3.93,25.5,0.0,25.2,0.0,25.9,0.0,1.3,1.04,2.186,99.2,2.05
1725213600,A4100209,25.2,98.18,0.0,4.4,25.4,0.0,25.1,0.0,25.8,0.0,1.3,1.03,2.186,108.9,2.01
1725213900,A4100209,25.2,98.18,0.0,4.18,25.3,0.0,25.0,0.0,25.6,0.0,1.3,1.01,2.181,109.8,1.9
1725214200,A4100209,25.2,98.18,0.0,3.47,25.3,0.0,25.0,0.0,25.5,0.0,1.3,1.03,2.167,117.7,1.78
1725214500,A4100209,25.2,98.18,0.0,3.62,25.3,0.0,25.1,0.0,25.4,0.0,1.3,1.05,2.155,105.0,1.7
1725214800,A4100209,25.3,98.18,0.0,3.48,25.5,0.0,25.2,0.0,25.3,0.0,1.3,1.09,2.132,107.7,1.48
1725215100,A4100209,25.4,98.17,0.0,3.4,25.6,0.0,25.3,0.0,25.3,0.0,1.3,1.12,2.117,105.1,1.92
1725215400,A4100209,25.3,98.17,0.0,4.19,25.4,0.0,25.2,0.0,25.3,0.0,1.3,1.13,2.105,113.4,1.89
1725215700,A4100209,25.3,98.18,0.0,3.86,25.4,0.0,25.2,0.0,25.3,0.0,1.3,1.13,2.093,114.7,2.14
1725216000,A4100209,25.3,98.17,0.0,4.18,25.5,0.0,25.2,0.0,25.3,0.0,1.3,1.15,2.076,127.6,2.15
1725216300,A4100209,25.3,98.18,0.0,5.01,25.5,0.0,25.2,0.0,25.2,0.0,1.3,1.17,2.059,123.3,2.27
1725216600,A4100209,25.3,98.18,0.0,4.87,25.4,0.0,25.2,0.0,25.2,0.0,1.3,1.18,2.047,129.5,2.34
1725216900,A4100209,25.2,98.18,0.0,4.15,25.4,0.0,25.2,0.0,25.2,0.0,1.3,1.18,2.035,127.7,2.16
1725217200,A4100209,25.2,98.19,0.0,5.0,25.3,0.0,25.1,0.0,25.2,0.0,1.3,1.18,2.022,126.7,1.88
1725217500,A4100209,25.2,98.19,0.0,3.99,25.3,0.0,25.0,0.0,25.2,0.0,1.3,1.19,2.007,123.7,1.58
1725217800,A4100209,25.1,98.2,0.0,3.49,25.3,0.0,25.0,0.0,25.1,0.0,1.3,1.2,1.995,136.5,1.62
1725218100,A4100209,25.1,98.2,0.0,3.63,25.3,0.0,24.9,0.0,25.1,0.0,1.3,1.2,1.982,147.5,1.57
1725218400,A4100209,25.1,98.2,0.0,3.73,25.3,0.0,24.9,0.0,25.0,0.0,1.3,1.21,1.97,137.5,1.6
1725218700,A4100209,25.0,98.21,0.0,2.5,25.3,0.0,24.7,0.0,25.0,0.0,1.3,1.2,1.958,141.3,0.99
1725219000,A4100209,25.0,98.21,0.0,1.91,25.4,0.0,24.7,0.0,24.9,0.0,1.3,1.22,1.941,59.0,0.72
1725219300,A4100209,25.1,98.22,0.0,3.09,25.6,0.0,24.6,0.0,24.8,0.0,1.3,1.26,1.92,136.7,0.81
1725219600,A4100209,25.0,98.21,0.0,1.07,25.2,0.0,24.8,0.0,24.8,0.0,1.3,1.25,1.908,265.7,0.41
1725219900,A4100209,25.0,98.21,0.0,2.3,25.6,0.0,24.7,0.0,24.7,0.0,1.3,1.28,1.89,149.8,0.67
1725220200,A4100209,24.9,98.21,0.0,2.66,25.4,0.0,24.6,0.0,24.7,0.0,1.3,1.27,1.886,137.8,0.88
1725220500,A4100209,25.1,98.2,0.0,2.1,25.7,0.0,24.7,0.0,24.7,0.0,1.3,1.31,1.874,148.9,0.89
1725220800,A4100209,25.0,98.2,0.0,2.26,25.6,0.0,24.6,0.0,24.7,0.0,1.3,1.3,1.865,146.4,0.92
1725221100,A4100209,24.7,98.19,0.0,3.05,25.1,0.0,24.4,0.0,24.7,0.0,1.3,1.25,1.866,100.6,0.79
1725221400,A4100209,24.6,98.19,0.0,2.07,24.8,0.0,24.4,0.0,24.6,0.0,1.3,1.23,1.857,100.1,0.57
1725221700,A4100209,24.6,98.19,0.0,1.57,25.6,0.0,24.2,0.0,24.5,0.0,1.3,1.25,1.841,72.8,0.6
1725222000,A4100209,24.6,98.19,0.0,2.35,24.8,0.0,24.3,0.0,24.4,0.0,1.3,1.26,1.828,214.1,0.51
1725222300,A4100209,24.2,98.19,0.0,0.71,24.4,0.0,24.1,0.0,24.3,0.0,1.3,1.19,1.836,334.1,0.37
1725222600,A4100209,24.1,98.19,0.0,1.08,24.4,0.0,23.7,0.0,24.2,0.0,1.3,1.16,1.831,305.0,0.52
1725222900,A4100209,23.9,98.19,0.0,0.91,24.2,0.0,23.6,0.0,24.0,0.0,1.3,1.15,1.824,14.9,0.44
1725223200,A4100209,23.8,98.19,0.0,0.99,24.0,0.0,23.6,0.0,23.9,0.0,1.3,1.12,1.825,56.5,0.29
1725223500,A4100209,23.7,98.19,0.0,0.98,23.9,0.0,23.4,0.0,23.7,0.0,1.3,1.11,1.82,292.3,0.43
1725223800,A4100209,23.5,98.2,0.0,0.72,23.6,0.0,23.3,0.0,23.6,0.0,1.3,1.06,1.828,304.6,0.27
1725224100,A4100209,23.5,98.2,0.0,0.93,23.6,0.0,23.1,0.0,23.4,0.0,1.3,1.05,1.834,292.2,0.4
1725224400,A4100209,23.1,98.2,0.0,1.43,23.5,0.0,22.6,0.0,23.2,0.0,1.3,0.99,1.829,120.4,0.73
1725224700,A4100209,23.2,98.2,0.0,1.05,23.5,0.0,22.8,0.0,23.1,0.0,1.3,1.03,1.816,213.0,0.55
1725225000,A4100209,23.0,98.2,0.0,0.92,23.3,0.0,22.5,0.0,23.0,0.0,1.3,0.99,1.818,230.4,0.46
1725225300,A4100209,22.8,98.2,0.0,0.71,23.0,0.0,22.6,0.0,22.9,0.0,1.3,0.97,1.817,272.9,0.33
1725225600,A4100209,22.6,98.2,0.0,0.78,22.8,0.0,22.4,0.0,22.8,0.0,1.3,0.92,1.817,201.8,0.19
1725225900,A4100209,22.7,98.2,0.0,1.58,23.0,0.0,22.2,0.0,22.6,0.0,1.3,0.96,1.804,210.0,0.52
1725226200,A4100209,23.0,98.19,0.0,1.42,23.3,0.0,22.8,0.0,22.5,0.0,1.3,1.02,1.793,196.8,0.7
1725226500,A4100209,22.9,98.19,0.0,1.29,23.4,0.0,22.3,0.0,22.5,0.0,1.3,1.0,1.787,253.7,0.4
1725226800,A4100209,22.4,98.19,0.0,0.54,22.8,0.0,22.1,0.0,22.5,0.0,1.3,0.91,1.794,300.7,0.23
1725227100,A4100209,22.1,98.18,0.0,0.91,22.5,0.0,21.6,0.0,22.3,0.0,1.3,0.86,1.797,310.9,0.19
1725227400,A4100209,22.2,98.18,0.0,0.79,22.6,0.0,21.6,0.0,22.2,0.0,1.3,0.89,1.782,111.9,0.27
1725227700,A4100209,22.2,98.18,0.0,1.34,22.6,0.0,21.4,0.0,22.1,0.0,1.3,0.89,1.778,206.1,0.48
1725228000,A4100209,22.1,98.18,0.0,0.71,22.4,0.0,21.8,0.0,22.0,0.0,1.3,0.89,1.765,267.1,0.25
1725228300,A4100209,22.3,98.18,0.0,1.47,22.5,0.0,22.1,0.0,21.9,0.0,1.3,0.93,1.759,206.3,0.44
1725228600,A4100209,22.6,98.18,0.0,1.49,22.8,0.0,22.4,0.0,21.9,0.0,1.3,0.99,1.753,209.7,0.74
1725228900,A4100209,22.2,98.19,0.0,1.0,22.7,0.0,21.7,0.0,21.9,0.0,1.3,0.92,1.756,245.1,0.34
1725229200,A4100209,21.6,98.19,0.0,0.52,21.7,0.0,21.4,0.0,21.9,0.0,1.3,0.79,1.777,307.0,0.28
1725229500,A4100209,21.3,98.19,0.0,0.85,21.5,0.0,20.8,0.0,21.7,0.0,1.3,0.74,1.793,351.0,0.27
1725229800,A4100209,21.4,98.19,0.0,0.54,21.6,0.0,21.3,0.0,21.6,0.0,1.3,0.77,1.788,331.2,0.27
1725230100,A4100209,21.4,98.19,0.0,1.01,21.7,0.0,21.0,0.0,21.4,0.0,1.3,0.77,1.786,8.9,0.43
1725230400,A4100209,22.0,98.19,0.0,2.05,22.7,0.0,20.8,0.0,21.3,0.0,1.3,0.89,1.748,210.0,0.83
1725230700,A4100209,22.5,98.19,0.0,1.63,23.2,0.0,21.6,0.0,21.3,0.0,1.3,1.0,1.72,224.3,0.59
1725231000,A4100209,22.4,98.18,0.0,1.6,23.0,0.0,21.7,0.0,21.5,0.0,1.3,0.98,1.724,209.9,0.78
1725231300,A4100209,22.0,98.18,0.0,1.56,22.6,0.0,21.4,0.0,21.6,0.0,1.3,0.92,1.733,207.9,0.84
1725231600,A4100209,22.0,98.18,0.0,1.5,22.6,0.0,21.5,0.0,21.6,0.0,1.3,0.91,1.731,216.3,0.7
1725231900,A4100209,21.8,98.19,0.0,0.98,22.4,0.0,21.2,0.0,21.6,0.0,1.3,0.87,1.731,253.7,0.5
1725232200,A4100209,21.6,98.19,0.0,0.73,22.3,0.0,21.3,0.0,21.5,0.0,1.3,0.86,1.726,273.0,0.38
1725232500,A4100209,21.5,98.19,0.0,1.05,22.0,0.0,21.0,0.0,21.4,0.0,1.3,0.84,1.722,292.5,0.55
1725232800,A4100209,20.9,98.19,0.0,1.08,21.2,0.0,20.5,0.0,21.3,0.0,1.3,0.72,1.751,358.9,0.51
1725233100,A4100209,20.6,98.19,0.0,0.68,20.9,0.0,20.5,0.0,21.2,0.0,1.4,0.66,1.77,302.3,0.29
1725233400,A4100209,20.6,98.19,0.0,0.51,20.7,0.0,20.3,0.0,21.0,0.0,1.3,0.65,1.775,334.8,0.21
1725233700,A4100209,20.5,98.19,0.0,1.09,20.7,0.0,20.4,0.0,20.8,0.0,1.4,0.65,1.77,316.2,0.29
1725234000,A4100209,20.6,98.19,0.0,0.89,20.9,0.0,20.4,0.0,20.6,0.0,1.3,0.68,1.745,196.0,0.36
1725234300,A4100209,20.3,98.18,0.0,2.07,20.6,0.0,20.1,0.0,20.5,0.0,1.4,0.65,1.731,139.4,0.87
1725234600,A4100209,20.2,98.18,0.0,1.68,20.7,0.0,19.9,0.0,20.4,0.0,1.3,0.64,1.728,111.9,0.87
1725234900,A4100209,20.0,98.18,0.0,1.89,20.3,0.0,19.8,0.0,20.3,0.0,1.4,0.6,1.731,131.7,1.0
1725235200,A4100209,20.0,98.18,0.0,1.98,20.5,0.0,19.8,0.0,20.1,0.0,1.3,0.61,1.722,151.7,1.05
1725235500,A4100209,20.5,98.18,0.0,1.95,20.8,0.0,20.2,0.0,20.1,0.0,1.3,0.69,1.713,195.2,1.25
1725235800,A4100209,20.2,98.18,0.0,1.98,20.5,0.0,19.8,0.0,20.1,0.0,1.3,0.65,1.715,206.1,1.27
1725236100,A4100209,20.3,98.17,0.0,2.15,20.5,0.0,20.0,0.0,20.1,0.0,1.3,0.66,1.714,204.1,1.2
1725236400,A4100209,20.4,98.17,0.0,2.31,20.6,0.0,20.2,0.0,20.1,0.0,1.4,0.68,1.711,215.6,1.33
1725236700,A4100209,20.4,98.16,0.0,2.29,20.7,0.0,20.1,0.0,20.1,0.0,1.3,0.69,1.709,207.9,1.38
1725237000,A4100209,20.2,98.15,0.0,3.08,20.6,0.0,20.0,0.0,20.1,0.0,1.4,0.66,1.709,198.5,1.2
1725237300,A4100209,20.4,98.14,0.0,2.01,20.7,0.0,20.1,0.0,20.1,0.0,1.4,0.69,1.707,207.4,1.24
1725237600,A4100209,20.4,98.14,0.0,1.84,20.7,0.0,20.1,0.0,20.1,0.0,1.3,0.68,1.706,202.1,0.96
1725237900,A4100209,20.1,98.15,0.0,1.76,20.4,0.0,19.9,0.0,20.0,0.0,1.3,0.64,1.707,170.5,0.6
1725238200,A4100209,19.9,98.15,0.0,1.33,20.3,0.0,19.6,0.0,20.0,0.0,1.4,0.61,1.709,181.6,0.61
1725238500,A4100209,19.8,98.14,0.0,1.67,20.0,0.0,19.6,0.0,19.9,0.0,1.3,0.59,1.707,192.7,0.77
1725238800,A4100209,19.8,98.14,0.0,1.54,20.0,0.0,19.5,0.0,19.8,0.0,1.4,0.6,1.704,204.3,0.87
1725239100,A4100209,19.7,98.14,0.0,1.56,20.0,0.0,19.6,0.0,19.8,0.0,1.4,0.6,1.704,193.6,0.88
1725239400,A4100209,19.5,98.14,0.0,1.26,20.0,0.0,19.1,0.0,19.7,0.0,1.3,0.57,1.703,170.4,0.49
1725239700,A4100209,19.2,98.14,0.0,1.79,19.5,0.0,19.0,0.0,19.6,0.0,1.3,0.52,1.706,150.2,0.77
1725240000,A4100209,19.4,98.14,0.0,1.67,19.6,0.0,19.2,0.0,19.5,0.0,1.4,0.55,1.7,199.8,0.88
1725240300,A4100209,19.2,98.14,0.0,1.4,19.7,0.0,19.0,0.0,19.4,0.0,1.3,0.53,1.697,184.3,0.67
1725240600,A4100209,19.1,98.15,0.0,1.64,19.3,0.0,18.8,0.0,19.3,0.0,1.3,0.51,1.699,215.4,0.72
1725240900,A4100209,18.9,98.15,0.0,0.75,19.3,0.0,18.7,0.0,19.2,0.0,1.3,0.49,1.698,356.0,0.31
1725241200,A4100209,18.8,98.15,0.0,1.22,18.9,0.0,18.6,0.0,19.1,0.0,1.3,0.47,1.696,80.2,0.49
1725241500,A4100209,18.8,98.14,0.0,1.11,19.0,0.0,18.7,0.0,18.9,0.0,1.4,0.48,1.691,170.8,0.54
1725241800,A4100209,18.7,98.14,0.0,1.26,18.9,0.0,18.5,0.0,18.8,0.0,1.4,0.46,1.692,168.6,0.59
1725242100,A4100209,18.7,98.14,0.0,1.64,18.9,0.0,18.4,0.0,18.8,0.0,1.3,0.46,1.692,172.7,0.81
1725242400,A4100209,18.8,98.14,0.0,1.36,19.0,0.0,18.5,0.0,18.7,0.0,1.3,0.47,1.69,178.5,0.81
1725242700,A4100209,18.8,98.14,0.0,1.87,19.1,0.0,18.6,0.0,18.6,0.0,1.4,0.48,1.686,188.2,0.84
1725243000,A4100209,19.0,98.13,0.0,1.61,19.3,0.0,18.7,0.0,18.6,0.0,1.4,0.52,1.683,189.9,0.7
1725243300,A4100209,18.8,98.13,0.0,1.46,19.3,0.0,18.3,0.0,18.6,0.0,1.3,0.48,1.684,169.8,0.56
1725243600,A4100209,18.6,98.13,0.0,1.13,19.0,0.0,18.2,0.0,18.6,0.0,1.4,0.46,1.685,164.4,0.64
1725243900,A4100209,18.3,98.13,0.0,1.45,18.5,0.0,18.0,0.0,18.5,0.0,1.4,0.41,1.687,129.7,0.6
1725244200,A4100209,18.5,98.12,0.0,1.81,18.6,0.0,18.3,0.0,18.4,0.0,1.4,0.44,1.683,159.4,0.91
1725244500,A4100209,18.6,98.12,0.0,2.51,18.9,0.0,18.3,0.0,18.4,0.0,1.4,0.45,1.682,178.4,1.14
1725244800,A4100209,18.6,98.12,0.0,1.84,19.0,0.0,18.4,0.0,18.4,0.0,1.3,0.46,1.682,209.3,1.0
1725245100,A4100209,18.6,98.13,0.0,1.76,18.8,0.0,18.4,0.0,18.4,0.0,1.4,0.46,1.677,214.9,0.81
1725245400,A4100209,18.4,98.13,0.0,1.82,18.7,0.0,18.3,0.0,18.4,0.0,1.4,0.44,1.68,185.3,0.92
1725245700,A4100209,18.2,98.13,0.0,1.59,18.4,0.0,18.1,0.0,18.3,0.0,1.3,0.41,1.681,197.2,0.85
1725246000,A4100209,18.2,98.14,0.0,1.42,18.5,0.0,18.1,0.0,18.3,0.0,1.3,0.42,1.678,184.9,0.67
1725246300,A4100209,17.9,98.13,0.0,1.49,18.2,0.0,17.7,0.0,18.2,0.0,1.4,0.38,1.676,153.7,0.62
1725246600,A4100209,17.8,98.14,0.0,1.15,17.9,0.0,17.6,0.0,18.1,0.0,1.4,0.36,1.671,35.3,0.5
1725246900,A4100209,17.6,98.14,0.0,1.34,17.9,0.0,17.5,0.0,17.9,0.0,1.4,0.35,1.668,56.6,0.61
1725247200,A4100209,17.8,98.14,0.0,1.9,18.1,0.0,17.6,0.0,17.8,0.0,1.3,0.37,1.661,151.7,0.79
1725247500,A4100209,17.9,98.14,0.0,1.59,18.2,0.0,17.6,0.0,17.7,0.0,1.4,0.39,1.659,174.9,0.69
1725247800,A4100209,18.2,98.14,0.0,1.87,18.4,0.0,17.9,0.0,17.7,0.0,1.4,0.42,1.66,188.4,1.0
1725248100,A4100209,18.1,98.14,0.0,1.37,18.4,0.0,17.9,0.0,17.7,0.0,1.4,0.42,1.661,165.2,0.54
1725248400,A4100209,18.0,98.14,0.0,1.09,18.4,0.0,17.7,0.0,17.7,0.0,1.3,0.39,1.662,64.5,0.38
1725248700,A4100209,17.8,98.14,0.0,1.77,18.3,0.0,17.7,0.0,17.7,0.0,1.4,0.38,1.663,131.0,0.7
1725249000,A4100209,17.7,98.14,0.0,1.25,17.8,0.0,17.6,0.0,17.7,0.0,1.4,0.36,1.663,151.2,0.63
1725249300,A4100209,17.7,98.15,0.0,1.61,17.8,0.0,17.6,0.0,17.6,0.0,1.3,0.36,1.662,133.0,0.69
1725249600,A4100209,17.8,98.15,0.0,1.38,18.0,0.0,17.6,0.0,17.6,0.0,1.4,0.37,1.662,179.6,0.6
1725249900,A4100209,17.6,98.15,0.0,1.55,18.0,0.0,17.5,0.0,17.5,0.0,1.4,0.35,1.662,174.9,0.72
1725250200,A4100209,17.5,98.15,0.0,2.06,17.6,0.0,17.4,0.0,17.5,0.0,1.4,0.33,1.661,147.6,1.0
1725250500,A4100209,17.4,98.15,0.0,2.25,17.5,0.0,17.3,0.0,17.4,0.0,1.4,0.33,1.661,164.3,1.13
1725250800,A4100209,17.6,98.14,0.0,1.63,17.8,0.0,17.4,0.0,17.4,0.0,1.4,0.35,1.661,193.7,0.89
1725251100,A4100209,17.5,98.14,0.0,1.28,17.8,0.0,17.4,0.0,17.4,0.9,1.4,0.34,1.661,190.3,0.54
1725251400,A4100209,17.3,98.14,0.0,0.69,17.6,0.0,17.2,0.0,17.4,8.5,1.4,0.31,1.661,336.8,0.26
1725251700,A4100209,17.2,98.15,0.0,0.54,17.2,0.0,17.1,0.0,17.3,12.4,1.4,0.3,1.661,6.0,0.27
1725252000,A4100209,17.2,98.15,0.0,0.31,17.3,0.0,17.1,0.0,17.2,17.0,1.4,0.3,1.659,32.5,0.13
1725252300,A4100209,17.2,98.15,0.0,0.76,17.3,0.0,17.1,0.0,17.2,21.1,1.4,0.3,1.661,322.7,0.24
1725252600,A4100209,17.3,98.15,0.0,1.25,17.4,0.0,17.2,0.0,17.2,23.8,1.3,0.31,1.662,180.7,0.37
1725252900,A4100209,17.3,98.16,0.0,1.28,17.4,0.0,17.3,0.0,17.2,26.3,1.3,0.31,1.665,119.5,0.37
1725253200,A4100209,17.3,98.17,0.0,0.95,17.3,0.0,17.2,0.0,17.2,30.8,1.4,0.3,1.669,129.5,0.38
1725253500,A4100209,17.3,98.18,0.0,0.84,17.4,0.0,17.3,0.0,17.3,37.2,1.4,0.3,1.673,225.7,0.31
1725253800,A4100209,17.3,98.18,0.0,0.49,17.4,0.0,17.2,0.0,17.4,45.8,1.4,0.3,1.68,14.2,0.28
1725254100,A4100209,17.4,98.17,0.0,1.18,17.5,0.0,17.4,0.0,17.4,52.8,1.4,0.31,1.686,72.6,0.5
1725254400,A4100209,17.6,98.16,0.0,1.26,17.6,0.0,17.4,0.0,17.5,58.8,1.4,0.31,1.692,114.8,0.5
1725254700,A4100209,17.8,98.15,0.0,1.55,17.9,0.0,17.6,0.0,17.7,72.0,1.3,0.33,1.705,165.0,0.63
1725255000,A4100209,18.0,98.14,0.0,1.68,18.2,0.0,17.9,0.0,17.9,81.3,1.4,0.34,1.717,187.4,0.73
1725255300,A4100209,18.3,98.1,0.0,1.28,18.5,0.0,18.1,0.0,18.4,127.4,1.4,0.35,1.751,192.5,0.54
1725255600,A4100209,18.6,98.09,0.0,1.11,18.9,0.0,18.4,0.0,19.0,138.7,1.4,0.36,1.783,185.7,0.45
1725255900,A4100209,19.0,98.09,0.0,1.27,19.2,0.0,18.7,0.0,19.5,141.0,1.4,0.38,1.811,187.2,0.54
1725256200,A4100209,19.2,98.09,0.0,0.71,19.7,0.0,18.9,0.0,20.0,157.7,1.4,0.39,1.837,205.9,0.31
1725256500,A4100209,19.7,98.08,0.0,0.98,20.1,0.0,19.4,0.0,20.6,171.1,1.4,0.44,1.861,249.3,0.37
1725256800,A4100209,20.1,98.08,0.0,0.79,20.9,0.0,19.6,0.0,21.1,183.5,1.4,0.47,1.885,253.2,0.27
1725257100,A4100209,20.6,98.08,0.0,1.07,21.0,0.0,20.2,0.0,21.7,186.0,1.4,0.53,1.898,280.2,0.59
1725257400,A4100209,21.0,98.08,0.0,0.85,21.6,0.0,20.6,0.0,22.2,193.5,1.3,0.58,1.904,304.4,0.4
1725257700,A4100209,21.8,98.08,0.0,1.03,22.3,0.0,21.3,0.0,22.8,210.6,1.4,0.68,1.923,326.8,0.5
1725258000,A4100209,22.1,98.08,0.0,1.06,22.7,0.0,21.8,0.0,23.3,219.3,1.3,0.71,1.953,312.0,0.42
1725258300,A4100209,22.6,98.08,0.0,1.0,23.3,0.0,22.1,0.0,23.9,227.0,1.3,0.76,1.982,307.6,0.32
1725258600,A4100209,22.6,98.08,0.0,1.01,23.4,0.0,22.2,0.0,24.5,245.9,1.3,0.76,1.986,302.0,0.45
1725258900,A4100209,22.9,98.09,0.0,1.02,23.8,0.0,22.5,0.0,25.0,241.7,1.3,0.79,2.004,290.7,0.54
1725259200,A4100209,22.8,98.1,0.0,1.09,23.5,0.0,22.4,0.0,25.4,241.8,1.3,0.77,2.001,293.6,0.6
1725259500,A4100209,23.0,98.1,0.0,1.77,23.5,0.0,22.6,0.0,25.6,253.6,1.3,0.81,2.0,306.4,0.57
1725259800,A4100209,23.1,98.1,0.0,1.34,24.2,0.0,22.6,0.0,25.8,249.3,1.3,0.83,2.001,309.7,0.55
1725260100,A4100209,23.0,98.1,0.0,2.05,24.1,0.0,22.6,0.0,26.0,272.6,1.3,0.81,2.005,292.3,0.79
1725260400,A4100209,23.0,98.11,0.0,1.44,23.9,0.0,22.1,0.0,26.2,287.5,1.3,0.8,2.009,311.8,0.67
1725260700,A4100209,23.3,98.1,0.0,1.75,24.6,0.0,22.6,0.0,26.4,312.6,1.3,0.85,2.011,299.3,0.69
1725261000,A4100209,23.4,98.1,0.0,1.65,24.6,0.0,22.2,0.0,26.6,309.5,1.3,0.85,2.029,307.3,0.65
1725261300,A4100209,23.4,98.1,0.0,1.7,24.5,0.0,22.3,0.0,26.8,314.2,1.3,0.85,2.029,308.2,0.66
1725261600,A4100209,23.8,98.1,0.0,1.46,24.6,0.0,23.3,0.0,27.0,332.1,1.3,0.92,2.038,323.9,0.67
1725261900,A4100209,24.0,98.1,0.0,2.09,24.7,0.0,23.4,0.0,27.2,336.8,1.3,0.93,2.042,304.4,0.91
1725262200,A4100209,24.2,98.1,0.0,1.3,25.4,0.0,22.5,0.0,27.4,354.8,1.3,0.97,2.048,321.3,0.52
1725262500,A4100209,24.3,98.1,0.0,2.01,25.1,0.0,23.6,0.0,27.7,376.3,1.3,0.98,2.05,310.7,0.93
1725262800,A4100209,24.8,98.1,0.0,1.31,25.8,0.0,23.8,0.0,27.9,393.2,1.3,1.1,2.031,328.5,0.65
1725263100,A4100209,25.1,98.1,0.0,1.64,26.1,0.0,23.9,0.0,28.3,446.6,1.3,1.15,2.034,320.6,0.65
1725263400,A4100209,25.0,98.11,0.0,2.26,25.9,0.0,24.3,0.0,28.6,457.1,1.3,1.14,2.036,309.9,0.94
1725263700,A4100209,25.0,98.13,0.0,1.86,26.3,0.0,24.2,0.0,28.8,411.3,1.3,1.15,2.028,312.7,1.02
1725264000,A4100209,24.9,98.14,0.0,2.18,25.7,0.0,24.2,0.0,28.8,365.2,1.3,1.12,2.019,304.6,0.97
1725264300,A4100209,25.0,98.14,0.0,2.35,26.0,0.0,24.4,0.0,28.8,426.7,1.3,1.16,2.014,305.7,0.97
1725264600,A4100209,25.4,98.13,0.0,2.13,26.6,0.0,24.4,0.0,29.0,507.0,1.3,1.24,2.01,315.0,0.81
1725264900,A4100209,25.1,98.15,0.0,2.38,26.1,0.0,24.3,0.0,29.0,413.1,1.3,1.18,2.007,294.7,1.12
1725265200,A4100209,25.0,98.16,0.0,1.99,25.9,0.0,23.7,0.0,28.9,314.2,1.3,1.17,1.994,302.4,0.89
1725265500,A4100209,24.8,98.18,0.0,2.17,25.7,0.0,24.2,0.0,28.6,247.5,1.3,1.14,1.992,306.8,0.97
1725265800,A4100209,24.3,98.19,0.0,1.87,24.9,0.0,23.5,0.0,28.2,195.8,1.3,1.07,1.973,303.8,1.06
1725266100,A4100209,24.2,98.18,0.0,1.81,24.6,0.0,23.5,0.0,27.8,244.5,1.3,1.05,1.966,314.3,1.01
1725266400,A4100209,24.3,98.18,0.0,1.51,24.9,0.0,23.8,0.0,27.6,252.2,1.3,1.07,1.972,314.4,0.84
1725266700,A4100209,24.4,98.18,0.0,1.73,25.0,0.0,24.0,0.0,27.3,232.1,1.3,1.08,1.972,317.7,0.8
1725267000,A4100209,24.3,98.17,0.0,1.06,25.1,0.0,23.4,0.0,27.2,268.8,1.3,1.06,1.973,3.7,0.56
1725267300,A4100209,24.5,98.16,0.0,1.73,25.4,0.0,23.8,0.0,27.2,329.1,1.3,1.09,1.985,323.6,0.73
1725267600,A4100209,24.4,98.15,0.0,1.78,25.6,0.0,23.5,0.0,27.3,393.6,1.3,1.08,1.981,327.7,0.76
1725267900,A4100209,25.0,98.13,0.0,1.52,26.1,0.0,23.9,0.0,27.5,520.9,1.3,1.18,1.981,320.6,0.71
1725268200,A4100209,25.0,98.13,0.0,1.64,26.4,0.0,23.8,0.0,27.8,513.3,1.3,1.17,1.988,354.6,0.63
1725268500,A4100209,26.0,98.11,0.0,2.1,27.2,0.0,24.4,0.0,28.2,613.2,1.3,1.35,2.012,315.9,0.89
1725268800,A4100209,25.8,98.14,0.0,2.4,27.1,0.0,24.4,0.0,28.5,364.9,1.3,1.29,2.028,309.9,0.97
1725269100,A4100209,25.2,98.14,0.0,2.17,26.0,0.0,24.1,0.0,28.5,307.2,1.3,1.19,2.012,319.0,0.68
1725269400,A4100209,25.8,98.14,0.0,1.96,26.3,0.0,25.2,0.0,28.6,301.5,1.3,1.3,2.013,322.5,0.68
1725269700,A4100209,25.4,98.14,0.0,1.9,26.2,0.0,24.4,0.0,28.6,298.1,1.3,1.26,1.989,313.9,0.83
1725270000,A4100209,25.8,98.13,0.0,1.33,26.4,0.0,25.3,0.0,28.6,302.9,1.3,1.34,1.989,325.6,0.71
1725270300,A4100209,25.6,98.14,0.0,2.1,26.5,0.0,25.1,0.0,28.6,299.2,1.3,1.3,1.976,10.6,0.77
1725270600,A4100209,25.8,98.13,0.0,2.22,26.5,0.0,25.2,0.0,28.7,415.5,1.3,1.36,1.961,322.3,0.89
1725270900,A4100209,26.2,98.11,0.0,1.47,27.0,0.0,24.9,0.0,28.8,561.9,1.3,1.42,1.975,315.9,0.66
1725271200,A4100209,27.2,98.09,0.0,1.92,28.4,0.0,25.6,0.0,29.3,782.6,1.3,1.6,2.003,341.5,0.84
1725271500,A4100209,27.6,98.09,0.0,1.93,28.6,0.0,26.6,0.0,29.9,832.2,1.3,1.67,2.014,335.9,0.88
1725271800,A4100209,27.7,98.09,0.0,1.53,29.6,0.0,26.3,0.0,30.4,801.8,1.3,1.7,2.019,4.3,0.8
1725272100,A4100209,28.3,98.09,0.0,2.46,29.6,0.0,26.7,0.0,30.9,737.0,1.3,1.84,2.012,308.9,1.29
1725272400,A4100209,28.6,98.09,0.0,2.27,29.4,0.0,27.7,0.0,31.4,772.8,1.3,1.9,2.018,315.6,1.31
1725272700,A4100209,27.6,98.11,0.0,2.04,29.6,0.0,25.4,0.0,31.6,452.8,1.3,1.66,2.017,318.7,0.68
1725273000,A4100209,27.8,98.09,0.0,2.17,29.0,0.0,26.4,0.0,31.7,581.0,1.3,1.72,2.006,339.7,0.94
1725273300,A4100209,28.1,98.1,0.0,1.96,29.5,0.0,26.9,0.0,31.7,500.5,1.3,1.77,2.031,309.2,0.8
1725273600,A4100209,28.5,98.07,0.0,2.63,29.6,0.0,27.4,0.0,31.9,752.4,1.3,1.85,2.033,319.4,1.2
1725273900,A4100209,29.2,98.07,0.0,2.77,30.3,0.0,27.6,0.0,32.1,746.4,1.3,2.0,2.055,343.0,0.97
1725274200,A4100209,28.8,98.07,0.0,2.52,31.2,0.0,27.1,0.0,32.4,677.1,1.3,1.9,2.061,23.5,0.97
1725274500,A4100209,28.8,98.07,0.0,1.97,31.0,0.0,26.8,0.0,32.4,650.9,1.3,1.91,2.056,319.3,0.88
1725274800,A4100209,29.4,98.07,0.0,2.16,30.3,0.0,27.7,0.0,32.6,682.0,1.3,2.04,2.051,304.4,1.21
1725275100,A4100209,29.6,98.07,0.0,2.35,30.6,0.0,28.3,0.0,32.7,688.2,1.3,2.1,2.055,319.1,1.03
1725275400,A4100209,29.4,98.07,0.0,2.4,30.7,0.0,28.3,0.0,32.9,637.9,1.3,2.06,2.051,337.8,1.06
1725275700,A4100209,29.2,98.08,0.0,2.56,31.0,0.0,27.8,0.0,32.9,619.3,1.3,2.0,2.053,357.5,0.85
1725276000,A4100209,29.8,98.07,0.0,2.11,30.9,0.0,28.8,0.0,33.0,596.7,1.3,2.14,2.059,331.7,1.0
1725276300,A4100209,29.4,98.07,0.0,2.8,30.8,0.0,27.5,0.0,33.0,605.6,1.3,2.04,2.046,309.9,1.2
1725276600,A4100209,29.5,98.07,0.0,2.17,30.7,0.0,27.9,0.0,33.0,597.8,1.3,2.08,2.049,307.9,1.18
1725276900,A4100209,29.6,98.06,0.0,2.12,31.0,0.0,28.1,0.0,33.0,602.1,1.2,2.1,2.045,315.3,1.16
1725277200,A4100209,29.7,98.06,0.0,2.91,31.1,0.0,28.6,0.0,33.0,591.8,1.3,2.12,2.048,0.4,1.27
1725277500,A4100209,30.0,98.06,0.0,2.83,31.0,0.0,28.5,0.0,33.1,572.3,1.3,2.18,2.063,323.7,1.25
1725277800,A4100209,30.0,98.06,0.0,2.16,31.0,0.0,29.2,0.0,33.1,555.8,1.2,2.18,2.067,326.8,1.11
1725278100,A4100209,29.6,98.06,0.0,2.15,30.4,0.0,28.4,0.0,33.1,519.9,1.3,2.07,2.071,349.9,0.89
1725278400,A4100209,29.9,98.05,0.0,2.65,31.3,0.0,28.6,0.0,33.1,566.0,1.3,2.15,2.071,340.8,1.02
1725278700,A4100209,30.3,98.04,0.0,2.23,31.1,0.0,28.8,0.0,33.2,579.2,1.2,2.24,2.073,319.1,1.04
1725279000,A4100209,30.3,98.04,0.0,2.61,31.2,0.0,28.9,0.0,33.3,527.0,1.3,2.24,2.074,326.0,1.15
1725279300,A4100209,30.5,98.04,0.0,2.73,31.3,0.0,29.8,0.0,33.4,551.3,1.2,2.29,2.074,320.0,1.21
1725279600,A4100209,30.5,98.03,0.0,2.38,31.3,0.0,29.6,0.0,33.4,543.8,1.2,2.3,2.073,310.0,1.47
1725279900,A4100209,30.2,98.03,0.0,2.98,31.0,0.0,29.3,0.0,33.5,518.2,1.2,2.22,2.076,305.3,1.34
1725280200,A4100209,30.2,98.03,0.0,2.56,30.7,0.0,29.1,0.0,33.5,493.0,1.2,2.2,2.091,325.4,1.23
1725280500,A4100209,30.4,98.02,0.0,2.16,30.9,0.0,29.8,0.0,33.4,481.3,1.2,2.24,2.1,313.2,1.27
1725280800,A4100209,30.0,98.02,0.0,2.5,30.6,0.0,29.2,0.0,33.4,455.7,1.2,2.14,2.094,311.1,1.35
1725281100,A4100209,30.5,98.02,0.0,2.08,30.9,0.0,29.6,0.0,33.3,444.8,1.2,2.26,2.093,335.5,0.96
1725281400,A4100209,30.1,98.02,0.0,2.43,30.7,0.0,29.2,0.0,33.3,399.2,1.2,2.18,2.094,314.9,1.31
1725281700,A4100209,29.7,98.02,0.0,2.75,30.6,0.0,29.2,0.0,33.2,382.2,1.3,2.09,2.092,320.9,1.21
1725282000,A4100209,29.8,98.02,0.0,2.54,30.4,0.0,29.2,0.0,33.1,367.1,1.3,2.1,2.086,324.5,1.2
1725282300,A4100209,29.3,98.02,0.0,2.98,30.1,0.0,28.8,0.0,32.9,307.9,1.2,2.01,2.073,316.1,1.41
1725282600,A4100209,29.3,98.02,0.0,3.3,30.2,0.0,28.7,0.0,32.6,281.5,1.2,2.0,2.065,327.9,1.21
1725282900,A4100209,29.1,98.02,0.0,2.74,29.7,0.0,28.6,0.0,32.3,285.0,1.2,1.96,2.058,318.0,1.28
1725283200,A4100209,29.0,98.02,0.0,3.64,29.4,0.0,28.5,0.0,32.0,273.4,1.3,1.94,2.06,316.7,1.27
1725283500,A4100209,29.1,98.02,0.0,2.47,29.8,0.0,28.7,0.0,31.8,279.8,1.2,1.95,2.076,320.2,1.09
1725283800,A4100209,29.0,98.01,0.0,2.11,29.4,0.0,28.4,0.0,31.7,304.1,1.2,1.93,2.073,327.5,1.14
1725284100,A4100209,28.9,98.01,0.0,3.36,29.4,0.0,28.4,0.0,31.6,277.8,1.3,1.92,2.063,317.7,1.19
1725284400,A4100209,28.7,98.02,0.0,2.58,29.1,0.0,28.2,0.0,31.4,197.5,1.3,1.89,2.052,313.3,1.32
1725284700,A4100209,28.5,98.03,0.0,2.4,28.8,0.0,28.2,0.0,31.1,173.8,1.3,1.84,2.046,314.6,1.33
1725285000,A4100209,28.6,98.03,0.0,2.76,28.9,0.0,28.3,0.0,30.9,189.3,1.3,1.86,2.055,329.5,1.06
1725285300,A4100209,28.5,98.02,0.0,3.41,28.8,0.0,28.0,0.0,30.7,198.4,1.3,1.84,2.057,317.0,1.21
1725285600,A4100209,28.5,98.02,0.0,2.18,28.9,0.0,28.2,0.0,30.5,210.0,1.3,1.84,2.06,316.4,1.46
1725285900,A4100209,28.6,98.01,0.0,2.29,29.0,0.0,28.3,0.0,30.4,210.7,1.3,1.85,2.067,322.5,1.16
1725286200,A4100209,28.6,98.0,0.0,1.93,28.9,0.0,28.1,0.0,30.4,215.5,1.3,1.84,2.065,320.9,1.19
1725286500,A4100209,28.6,98.0,0.0,2.01,28.9,0.0,28.4,0.0,30.3,212.5,1.3,1.86,2.064,318.4,1.27
1725286800,A4100209,28.7,97.99,0.0,1.77,29.0,0.0,28.5,0.0,30.3,201.0,1.3,1.87,2.066,319.6,1.22
1725287100,A4100209,28.6,97.99,0.0,2.23,29.0,0.0,28.3,0.0,30.2,188.7,1.3,1.84,2.076,317.7,1.22
1725287400,A4100209,28.7,97.99,0.0,2.35,29.1,0.0,28.5,0.0,30.2,183.4,1.3,1.86,2.079,317.5,1.24
1725287700,A4100209,28.8,97.98,0.0,1.73,29.1,0.0,28.4,0.0,30.2,182.6,1.3,1.86,2.087,322.7,1.04
1725288000,A4100209,28.7,97.98,0.0,1.86,29.0,0.0,28.5,0.0,30.2,191.2,1.3,1.86,2.078,320.5,1.11
1725288300,A4100209,28.7,97.98,0.0,2.22,29.0,0.0,28.4,0.0,30.2,201.0,1.3,1.87,2.075,317.1,1.21
1725288600,A4100209,28.8,97.97,0.0,2.23,29.1,0.0,28.2,0.0,30.2,224.5,1.3,1.87,2.085,316.4,1.15
1725288900,A4100209,28.8,97.97,0.0,2.1,29.5,0.0,28.2,0.0,30.3,257.7,1.3,1.88,2.09,313.5,1.17
1725289200,A4100209,29.0,97.99,0.0,2.19,29.4,0.0,28.3,0.0,30.4,272.7,1.2,1.9,2.092,315.8,1.05
1725289500,A4100209,28.7,97.99,0.0,2.37,29.3,0.0,28.2,0.0,30.5,292.6,1.3,1.87,2.076,312.7,1.22
1725289800,A4100209,29.0,97.99,0.0,2.07,29.5,0.0,28.0,0.0,30.6,308.9,1.3,1.94,2.073,312.2,1.1
1725290100,A4100209,28.7,97.99,0.0,2.16,29.6,0.0,27.9,0.0,30.7,293.5,1.3,1.87,2.072,304.9,1.06
1725290400,A4100209,28.9,98.0,0.0,2.06,29.6,0.0,28.0,0.0,30.7,273.3,1.3,1.92,2.053,300.5,1.25
1725290700,A4100209,29.2,97.99,0.0,2.07,29.9,0.0,28.1,0.0,30.7,254.6,1.3,1.99,2.055,311.8,1.11
1725291000,A4100209,29.3,97.99,0.0,1.56,29.9,0.0,28.6,0.0,30.8,252.4,1.3,2.02,2.046,329.4,0.78
1725291300,A4100209,29.2,97.99,0.0,2.05,29.8,0.0,28.1,0.0,30.8,256.4,1.2,2.01,2.036,314.1,0.99
1725291600,A4100209,29.1,97.99,0.0,2.03,29.9,0.0,28.2,0.0,30.9,247.6,1.3,1.99,2.041,316.5,0.87
1725291900,A4100209,29.1,97.99,0.0,2.08,29.8,0.0,28.6,0.0,30.9,219.9,1.3,2.0,2.025,306.4,1.11
1725292200,A4100209,29.3,98.0,0.0,2.18,29.8,0.0,28.6,0.0,30.9,190.9,1.3,2.05,2.031,307.7,1.21
1725292500,A4100209,29.2,98.0,0.0,2.18,29.6,0.0,28.6,0.0,30.9,209.0,1.3,2.01,2.039,309.7,1.05
1725292800,A4100209,29.3,98.01,0.0,2.66,29.7,0.0,28.8,0.0,30.9,169.7,1.3,2.06,2.018,347.0,1.06
1725293100,A4100209,29.3,97.99,0.0,1.98,29.6,0.0,28.8,0.0,30.9,186.2,1.3,2.07,1.993,337.1,0.67
1725293400,A4100209,29.4,97.98,0.0,1.3,29.7,0.0,28.8,0.0,31.0,190.9,1.3,2.11,1.979,325.2,0.7
1725293700,A4100209,29.5,97.97,0.0,1.49,29.8,0.0,29.0,0.0,31.1,182.1,1.3,2.15,1.967,320.4,0.81
1725294000,A4100209,29.5,97.97,0.0,1.46,29.9,0.0,29.0,0.0,31.1,162.9,1.3,2.18,1.944,313.0,0.93
1725294300,A4100209,29.3,97.97,0.0,1.11,29.9,0.0,28.9,0.0,31.2,150.6,1.3,2.15,1.926,316.2,0.68
1725294600,A4100209,28.9,97.98,0.0,1.24,29.8,0.0,28.4,0.0,31.2,141.9,1.3,2.07,1.914,259.3,0.52
1725294900,A4100209,28.7,97.99,0.0,1.75,29.0,0.0,28.4,0.0,31.1,135.5,1.3,2.04,1.9,191.3,0.71
1725295200,A4100209,28.7,97.99,0.0,1.77,28.9,0.0,28.5,0.0,31.0,126.4,1.3,2.05,1.885,221.7,0.6
1725295500,A4100209,28.8,97.99,0.0,1.62,29.3,0.0,28.5,0.0,30.8,117.0,1.3,2.09,1.873,318.5,0.41
1725295800,A4100209,28.6,98.0,0.0,1.45,28.8,0.0,28.5,0.0,30.7,107.9,1.2,2.04,1.881,136.9,0.57
1725296100,A4100209,28.6,98.01,0.0,1.38,28.8,0.0,28.4,0.0,30.5,91.4,1.3,2.04,1.879,75.8,0.51
1725296400,A4100209,28.7,98.01,0.0,1.64,28.9,0.0,28.4,0.0,30.3,85.5,1.3,2.05,1.872,68.5,0.63
1725296700,A4100209,28.5,98.02,0.0,1.05,28.8,0.0,28.3,0.0,30.1,74.2,1.3,2.04,1.858,30.9,0.47
1725297000,A4100209,28.4,98.02,0.0,1.41,28.7,0.0,28.3,0.0,29.9,63.1,1.3,2.01,1.864,36.0,0.59
1725297300,A4100209,28.3,98.03,0.0,1.51,28.6,0.0,28.1,0.0,29.7,53.1,1.3,1.98,1.875,21.8,0.49
1725297600,A4100209,28.1,98.04,0.0,1.29,28.3,0.0,27.9,0.0,29.5,42.8,1.3,1.92,1.873,114.1,0.45
1725297900,A4100209,27.7,98.06,0.0,1.29,28.0,0.0,27.4,0.0,29.2,35.4,1.3,1.81,1.901,89.5,0.63
1725298200,A4100209,27.3,98.08,0.0,2.53,27.7,0.0,27.0,0.0,28.9,28.4,1.3,1.69,1.925,88.7,1.18
1725298500,A4100209,27.1,98.09,0.0,2.63,27.3,0.0,26.8,0.0,28.6,20.9,1.3,1.65,1.932,88.1,1.34
1725298800,A4100209,27.0,98.09,0.0,2.22,27.2,0.0,26.8,0.0,28.2,15.0,1.3,1.64,1.915,102.8,0.93
1725299100,A4100209,26.9,98.09,0.0,2.65,27.2,0.0,26.7,0.0,27.9,10.4,1.3,1.69,1.857,144.1,1.37
1725299400,A4100209,26.7,98.09,0.0,3.02,26.9,0.0,26.6,0.0,27.6,2.0,1.3,1.7,1.81,160.3,1.13
1725299700,A4100209,26.4,98.1,0.0,3.02,26.6,0.0,26.1,0.0,27.3,0.0,1.3,1.67,1.779,153.1,0.93
1725300000,A4100209,26.0,98.11,0.0,3.37,26.2,0.0,25.8,0.0,27.1,0.0,1.3,1.62,1.748,146.3,1.18
1725300300,A4100209,25.8,98.11,0.0,3.46,26.0,0.0,25.6,0.0,26.8,0.0,1.3,1.62,1.713,207.8,1.51
1725300600,A4100209,25.7,98.11,0.0,3.7,25.9,0.0,25.5,0.0,26.5,0.0,1.3,1.61,1.696,177.6,1.39
1725300900,A4100209,25.7,98.11,0.0,3.23,25.9,0.0,25.5,0.0,26.2,0.0,1.3,1.61,1.688,189.3,1.35
1725301200,A4100209,25.5,98.11,0.0,1.97,25.8,0.0,25.2,0.0,26.0,0.0,1.3,1.58,1.688,184.2,0.87
1725301500,A4100209,25.3,98.11,0.0,1.9,25.4,0.0,25.1,0.0,25.8,0.0,1.3,1.53,1.688,183.5,0.75
1725301800,A4100209,25.2,98.11,0.0,1.9,25.3,0.0,25.0,0.0,25.6,0.0,1.3,1.51,1.689,140.4,0.8
1725302100,A4100209,25.0,98.11,0.0,2.17,25.1,0.0,24.9,0.0,25.4,0.0,1.3,1.48,1.689,82.2,0.92
1725302400,A4100209,25.0,98.11,0.0,3.39,25.1,0.0,24.7,0.0,25.3,0.0,1.3,1.47,1.689,88.1,1.4
1725302700,A4100209,24.5,98.11,0.0,2.04,25.1,0.0,24.1,0.0,25.1,0.0,1.3,1.37,1.696,174.9,0.63
1725303000,A4100209,24.1,98.1,0.0,1.5,24.3,0.0,24.0,0.0,24.9,0.0,1.3,1.31,1.695,178.6,0.54
1725303300,A4100209,24.2,98.1,0.0,1.72,24.4,0.0,23.9,0.0,24.6,0.0,1.3,1.33,1.681,157.9,0.83
1725303600,A4100209,24.0,98.1,0.0,1.88,24.3,0.0,23.4,0.0,24.4,0.0,1.3,1.29,1.682,132.9,0.84
1725303900,A4100209,23.6,98.1,0.0,1.89,23.8,0.0,23.4,0.0,24.2,0.0,1.3,1.22,1.69,114.3,0.9
1725304200,A4100209,23.7,98.1,0.0,1.87,24.0,0.0,23.5,0.0,24.0,0.0,1.3,1.25,1.681,106.9,1.0
1725304500,A4100209,23.8,98.1,0.0,1.75,24.0,0.0,23.6,0.0,23.9,0.0,1.3,1.26,1.678,98.1,0.91
1725304800,A4100209,23.8,98.1,0.0,1.9,24.0,0.0,23.4,0.0,23.8,0.0,1.3,1.26,1.677,90.5,0.92
1725305100,A4100209,23.6,98.1,0.0,1.86,24.2,0.0,23.1,0.0,23.7,0.0,1.3,1.24,1.676,90.8,1.02
1725305400,A4100209,23.2,98.1,0.0,1.94,23.6,0.0,22.9,0.0,23.6,0.0,1.3,1.17,1.682,89.2,0.66
1725305700,A4100209,22.9,98.11,0.0,0.83,23.0,0.0,22.7,0.0,23.4,0.0,1.3,1.1,1.686,266.6,0.37
1725306000,A4100209,22.7,98.12,0.0,0.69,22.9,0.0,22.5,0.0,23.2,0.0,1.3,1.07,1.687,302.7,0.33
1725306300,A4100209,22.7,98.13,0.0,1.03,22.8,0.0,22.6,0.0,23.0,0.0,1.3,1.06,1.7,42.6,0.5
1725306600,A4100209,22.5,98.13,0.0,0.85,23.0,0.0,22.1,0.0,22.8,0.0,1.3,1.02,1.705,78.7,0.24
1725306900,A4100209,22.3,98.13,0.0,1.04,22.4,0.0,22.2,0.0,22.6,0.0,1.3,0.99,1.702,333.0,0.42
1725307200,A4100209,22.4,98.13,0.0,2.15,22.6,0.0,22.3,0.0,22.5,0.0,1.3,1.02,1.693,152.7,0.58
1725307500,A4100209,22.3,98.13,0.0,2.09,22.5,0.0,22.0,0.0,22.4,0.0,1.3,1.0,1.69,187.4,1.01
1725307800,A4100209,21.8,98.13,0.0,2.25,22.1,0.0,21.6,0.0,22.3,0.0,1.3,0.92,1.69,183.7,1.19
1725308100,A4100209,21.6,98.14,0.0,1.47,21.8,0.0,21.5,0.0,22.1,0.0,1.3,0.9,1.686,183.8,0.65
1725308400,A4100209,21.7,98.15,0.0,1.01,21.9,0.0,21.6,0.0,22.0,0.0,1.3,0.91,1.677,178.4,0.41
1725308700,A4100209,21.7,98.15,0.0,1.29,21.9,0.0,21.5,0.0,21.8,0.0,1.3,0.92,1.671,168.0,0.61
1725309000,A4100209,21.5,98.15,0.0,1.92,21.7,0.0,21.4,0.0,21.7,0.0,1.3,0.88,1.68,183.8,1.01
1725309300,A4100209,21.7,98.15,0.0,2.16,21.9,0.0,21.4,0.0,21.6,0.0,1.3,0.92,1.669,192.1,1.14
1725309600,A4100209,22.0,98.15,0.0,1.84,22.5,0.0,21.5,0.0,21.5,0.0,1.3,1.0,1.652,200.4,0.98
1725309900,A4100209,21.9,98.15,0.0,1.87,22.5,0.0,21.4,0.0,21.6,0.0,1.3,0.99,1.647,195.1,0.82
1725310200,A4100209,21.9,98.16,0.0,2.3,22.5,0.0,21.1,0.0,21.6,0.0,1.3,0.99,1.642,188.9,1.07
1725310500,A4100209,20.8,98.16,0.0,3.13,21.1,0.0,20.6,0.0,21.5,0.0,1.3,0.78,1.67,164.5,1.41
1725310800,A4100209,20.8,98.15,0.0,2.69,21.0,0.0,20.5,0.0,21.4,0.0,1.3,0.79,1.657,180.8,1.21
1725311100,A4100209,20.8,98.15,0.0,2.74,21.2,0.0,20.4,0.0,21.2,0.0,1.3,0.8,1.651,193.0,1.35
1725311400,A4100209,21.0,98.16,0.0,2.34,21.3,0.0,20.8,0.0,21.1,0.0,1.3,0.85,1.642,188.1,1.23
1725311700,A4100209,21.2,98.16,0.0,2.41,21.6,0.0,20.9,0.0,21.0,0.0,1.4,0.89,1.629,189.6,1.39
1725312000,A4100209,21.1,98.16,0.0,2.84,21.4,0.0,20.9,0.0,21.0,0.0,1.3,0.87,1.629,201.5,1.13
1725312300,A4100209,21.1,98.17,0.0,2.18,21.4,0.0,20.9,0.0,21.0,0.0,1.3,0.88,1.63,200.5,1.17
1725312600,A4100209,21.0,98.17,0.0,3.99,21.3,0.0,20.7,0.0,20.9,0.0,1.4,0.86,1.631,208.9,1.01
1725312900,A4100209,20.9,98.18,0.0,2.44,21.3,0.0,20.7,0.0,20.9,0.0,1.3,0.85,1.629,190.5,0.84
1725313200,A4100209,20.7,98.17,0.0,2.28,21.0,0.0,20.5,0.0,20.8,0.0,1.3,0.82,1.629,192.8,0.94
1725313500,A4100209,20.7,98.17,0.0,2.47,21.1,0.0,20.4,0.0,20.8,0.0,1.3,0.81,1.63,169.6,1.04
1725313800,A4100209,20.5,98.17,0.0,2.4,20.8,0.0,20.2,0.0,20.7,0.0,1.3,0.78,1.63,170.8,1.16
1725314100,A4100209,20.7,98.18,0.0,2.09,21.0,0.0,20.4,0.0,20.6,0.0,1.3,0.81,1.624,191.4,0.94
1725314400,A4100209,20.6,98.17,0.0,2.6,20.8,0.0,20.1,0.0,20.6,0.0,1.3,0.8,1.622,184.6,1.21
