oxygen,health,dewpt,no2,h2s,Status,humidity,sound,temperature,sound_max,pm10,co,co2,DeviceID,pressure,performance,pm2_5,TypPS,pm1,humidity_abs,timestamp,tvoc,o3
"[20.922, 1.63]",333,"[19.05, 0.84]","[62.57, 29.1]","[1.63, 0.4]",OK,"[76.847, 5.0]","[34.93, 8.4]","[23.137, 0.53]","[43.8, 4.3]","[26.9, 12.7]","[1.0347, 0.1688]","[552.0999, 66.6]",2476110a610045cbe5f347a25c6eecb5,"[988.8499, 1.0]",618,"[24.9, 12.5]",2.1,"[17.2, 11.9]","[15.989, 0.82]",1725009675000,"[0, 0]","[31.97, 9.2]"
"[20.922, 1.63]",337,"[19.044, 0.84]","[62.55, 29.1]","[1.62, 0.4]",OK,"[76.794, 4.99]","[35.62, 8.0]","[23.142, 0.53]","[43.8, 4.3]","[26.3, 12.6]","[1.0328, 0.1685]","[551.0, 66.5]",2476110a610045cbe5f347a25c6eecb5,"[988.8499, 1.0]",619,"[24.3, 12.4]",2.1,"[17.1, 11.8]","[15.983, 0.82]",1725009707000,"[0, 0]","[31.96, 9.2]"
"[20.922, 1.63]",338,"[19.042, 0.84]","[62.54, 29.1]","[1.61, 0.4]",OK,"[76.776, 4.99]","[35.87, 8.0]","[23.144, 0.53]","[43.8, 4.3]","[26.3, 12.6]","[1.0324, 0.1685]","[550.9, 66.5]",2476110a610045cbe5f347a25c6eecb5,"[988.8499, 1.0]",619,"[24.3, 12.4]",2.1,"[17.0, 11.8]","[15.981, 0.82]",1725009715000,"[0, 0]","[31.96, 9.2]"
"[20.922, 1.63]",338,"[19.04, 0.84]","[62.53, 29.1]","[1.61, 0.4]",OK,"[76.758, 4.99]","[35.87, 7.9]","[23.146, 0.53]","[43.8, 4.3]","[26.3, 12.6]","[1.0318, 0.1684]","[550.7, 66.5]",2476110a610045cbe5f347a25c6eecb5,"[988.8499, 1.0]",619,"[24.4, 12.4]",2.1,"[17.0, 11.8]","[15.979, 0.82]",1725009723000,"[0, 0]","[31.96, 9.2]"
"[20.922, 1.63]",338,"[19.038, 0.84]","[62.52, 29.1]","[1.61, 0.4]",OK,"[76.741, 4.99]","[35.9, 7.9]","[23.148, 0.53]","[43.8, 4.3]","[26.3, 12.6]","[1.0315, 0.1684]","[550.6, 66.5]",2476110a610045cbe5f347a25c6eecb5,"[988.8499, 1.0]",619,"[24.3, 12.4]",2.1,"[17.0, 11.9]","[15.977, 0.82]",1725009731000,"[0, 0]","[31.96, 9.2]"
"[20.922, 1.63]",338,"[19.038, 0.84]","[62.52, 29.1]","[1.61, 0.4]",OK,"[76.741, 4.99]","[35.9, 7.9]","[23.148, 0.53]","[43.8, 4.3]","[26.3, 12.6]","[1.0315, 0.1684]","[550.6, 66.5]",2476110a610045cbe5f347a25c6eecb5,"[988.8499, 1.0]",619,"[24.3, 12.4]",2.1,"[17.0, 11.9]","[15.977, 0.82]",1725009731000,"[0, 0]","[31.96, 9.2]"
"[20.922, 1.63]",339,"[19.036, 0.84]","[62.51, 29.1]","[1.6, 0.4]",OK,"[76.724, 4.99]","[36.21, 7.8]","[23.15, 0.53]","[45.1, 4.0]","[26.2, 12.6]","[1.0311, 0.1683]","[550.5, 66.5]",2476110a610045cbe5f347a25c6eecb5,"[988.84, 1.0]",619,"[24.2, 12.4]",2.1,"[17.0, 11.9]","[15.975, 0.82]",1725009739000,"[0, 0]","[31.96, 9.2]"
"[20.922, 1.63]",340,"[19.034, 0.84]","[62.5, 29.1]","[1.6, 0.4]",OK,"[76.704, 4.99]","[36.54, 7.7]","[23.151, 0.53]","[46.0, 3.8]","[26.2, 12.6]","[1.0306, 0.1682]","[550.4, 66.5]",2476110a610045cbe5f347a25c6eecb5,"[988.84, 1.0]",619,"[24.3, 12.4]",2.1,"[17.0, 11.9]","[15.972, 0.82]",1725009747000,"[0, 0]","[31.96, 9.2]"
"[20.922, 1.63]",340,"[19.031, 0.84]","[62.49, 29.1]","[1.6, 0.4]",OK,"[76.684, 4.98]","[36.62, 7.6]","[23.153, 0.53]","[46.0, 3.8]","[26.3, 12.6]","[1.0303, 0.1682]","[550.2, 66.5]",2476110a610045cbe5f347a25c6eecb5,"[988.84, 1.0]",619,"[24.3, 12.4]",2.1,"[17.0, 11.9]","[15.97, 0.82]",1725009755000,"[0, 0]","[31.96, 9.2]"
"[20.922, 1.63]",340,"[19.031, 0.84]","[62.49, 29.1]","[1.6, 0.4]",OK,"[76.684, 4.98]","[36.62, 7.6]","[23.153, 0.53]","[46.0, 3.8]","[26.3, 12.6]","[1.0303, 0.1682]","[550.2, 66.5]",2476110a610045cbe5f347a25c6eecb5,"[988.84, 1.0]",619,"[24.3, 12.4]",2.1,"[17.0, 11.9]","[15.97, 0.82]",1725009755000,"[0, 0]","[31.96, 9.2]"
"[20.922, 1.63]",340,"[19.03, 0.84]","[62.48, 29.0]","[1.6, 0.4]",OK,"[76.67, 4.98]","[36.77, 7.6]","[23.155, 0.53]","[41.2, 5.0]","[26.4, 12.6]","[1.0299, 0.1681]","[550.0999, 66.5]",2476110a610045cbe5f347a25c6eecb5,"[988.84, 1.0]",619,"[24.5, 12.4]",2.1,"[17.0, 11.9]","[15.968, 0.82]",1725009763000,"[0, 0]","[31.96, 9.2]"
"[20.922, 1.63]",340,"[19.028, 0.84]","[62.47, 29.0]","[1.59, 0.4]",OK,"[76.656, 4.98]","[36.81, 7.5]","[23.156, 0.53]","[41.2, 5.0]","[26.4, 12.6]","[1.0295, 0.1681]","[549.9, 66.5]",2476110a610045cbe5f347a25c6eecb5,"[988.84, 1.0]",619,"[24.6, 12.4]",2.1,"[17.0, 11.9]","[15.966, 0.82]",1725009771000,"[0, 0]","[31.96, 9.2]"
"[20.922, 1.63]",340,"[19.028, 0.84]","[62.47, 29.0]","[1.59, 0.4]",OK,"[76.656, 4.98]","[36.81, 7.5]","[23.156, 0.53]","[41.2, 5.0]","[26.4, 12.6]","[1.0295, 0.1681]","[549.9, 66.5]",2476110a610045cbe5f347a25c6eecb5,"[988.84, 1.0]",619,"[24.6, 12.4]",2.1,"[17.0, 11.9]","[15.966, 0.82]",1725009771000,"[0, 0]","[31.96, 9.2]"
"[20.922, 1.63]",339,"[19.027, 0.83]","[62.46, 29.0]","[1.59, 0.4]",OK,"[76.642, 4.98]","[37.04, 7.4]","[23.158, 0.53]","[43.9, 4.2]","[26.4, 12.6]","[1.0291, 0.168]","[549.7, 66.5]",2476110a610045cbe5f347a25c6eecb5,"[988.84, 1.0]",619,"[24.6, 12.4]",2.1,"[17.0, 11.9]","[15.965, 0.82]",1725009779000,"[0, 0]","[31.96, 9.2]"
"[20.922, 1.63]",341,"[19.026, 0.83]","[62.45, 29.0]","[1.59, 0.4]",OK,"[76.629, 4.98]","[37.1, 7.4]","[23.159, 0.53]","[43.9, 4.2]","[26.4, 12.6]","[1.0287, 0.168]","[549.5, 66.5]",2476110a610045cbe5f347a25c6eecb5,"[988.84, 1.0]",619,"[24.5, 12.4]",2.1,"[16.9, 11.9]","[15.964, 0.82]",1725009787000,"[0, 0]","[31.96, 9.2]"
"[20.922, 1.63]",344,"[19.02, 0.83]","[62.38, 29.0]","[1.57, 0.4]",OK,"[76.569, 4.97]","[37.89, 7.1]","[23.166, 0.53]","[44.1, 4.2]","[26.2, 12.6]","[1.0268, 0.1677]","[549.3, 66.5]",2476110a610045cbe5f347a25c6eecb5,"[988.83, 1.0]",619,"[24.1, 12.3]",2.1,"[16.8, 11.8]","[15.958, 0.82]",1725009827000,"[0, 0]","[31.96, 9.2]"
"[20.922, 1.63]",344,"[19.019, 0.83]","[62.36, 29.0]","[1.57, 0.4]",OK,"[76.558, 4.97]","[37.89, 7.0]","[23.167, 0.53]","[44.1, 4.2]","[26.2, 12.6]","[1.0265, 0.1677]","[549.3, 66.5]",2476110a610045cbe5f347a25c6eecb5,"[988.83, 1.0]",619,"[24.1, 12.3]",2.1,"[16.8, 11.8]","[15.956, 0.82]",1725009835000,"[0, 0]","[31.96, 9.2]"
"[20.922, 1.63]",344,"[19.018, 0.83]","[62.34, 29.0]","[1.56, 0.4]",OK,"[76.547, 4.97]","[38.59, 6.9]","[23.169, 0.53]","[58.9, 2.3]","[26.2, 12.6]","[1.0261, 0.1676]","[549.4, 66.5]",2476110a610045cbe5f347a25c6eecb5,"[988.83, 1.0]",619,"[24.1, 12.3]",2.1,"[16.8, 11.8]","[15.956, 0.82]",1725009843000,"[0, 0]","[31.96, 9.2]"
"[20.922, 1.63]",345,"[19.017, 0.83]","[62.32, 29.0]","[1.56, 0.4]",OK,"[76.537, 4.97]","[39.36, 6.8]","[23.17, 0.53]","[61.7, 2.2]","[26.2, 12.6]","[1.0256, 0.1675]","[549.4, 66.5]",2476110a610045cbe5f347a25c6eecb5,"[988.83, 1.0]",619,"[24.1, 12.3]",2.1,"[16.8, 11.8]","[15.955, 0.82]",1725009851000,"[0, 0]","[31.96, 9.2]"
"[20.922, 1.63]",345,"[19.017, 0.83]","[62.32, 29.0]","[1.56, 0.4]",OK,"[76.537, 4.97]","[39.36, 6.8]","[23.17, 0.53]","[61.7, 2.2]","[26.2, 12.6]","[1.0256, 0.1675]","[549.4, 66.5]",2476110a610045cbe5f347a25c6eecb5,"[988.83, 1.0]",619,"[24.1, 12.3]",2.1,"[16.8, 11.8]","[15.955, 0.82]",1725009851000,"[0, 0]","[31.96, 9.2]"
"[20.922, 1.63]",344,"[19.016, 0.83]","[62.31, 29.0]","[1.56, 0.4]",OK,"[76.527, 4.97]","[40.26, 6.7]","[23.171, 0.53]","[66.6, 2.0]","[26.2, 12.6]","[1.0254, 0.1675]","[549.5, 66.5]",2476110a610045cbe5f347a25c6eecb5,"[988.83, 1.0]",619,"[24.2, 12.3]",2.1,"[16.8, 11.8]","[15.954, 0.82]",1725009859000,"[0, 0]","[31.96, 9.2]"
"[20.922, 1.63]",345,"[19.015, 0.83]","[62.29, 29.0]","[1.55, 0.4]",OK,"[76.518, 4.97]","[41.31, 6.6]","[23.172, 0.53]","[71.5, 1.9]","[26.2, 12.6]","[1.025, 0.1674]","[549.5, 66.5]",2476110a610045cbe5f347a25c6eecb5,"[988.83, 1.0]",618,"[24.2, 12.3]",2.1,"[16.7, 11.8]","[15.953, 0.82]",1725009867000,"[0, 0]","[31.96, 9.2]"
"[20.922, 1.63]",345,"[19.014, 0.83]","[62.26, 29.0]","[1.55, 0.4]",OK,"[76.509, 4.97]","[42.45, 6.5]","[23.173, 0.53]","[75.5, 1.9]","[26.2, 12.6]","[1.0245, 0.1674]","[549.7, 66.5]",2476110a610045cbe5f347a25c6eecb5,"[988.83, 1.0]",618,"[24.2, 12.4]",2.1,"[16.8, 11.8]","[15.951, 0.82]",1725009875000,"[0, 0]","[31.96, 9.2]"
"[20.922, 1.63]",345,"[19.014, 0.83]","[62.26, 29.0]","[1.55, 0.4]",OK,"[76.509, 4.97]","[42.45, 6.5]","[23.173, 0.53]","[75.5, 1.9]","[26.2, 12.6]","[1.0245, 0.1674]","[549.7, 66.5]",2476110a610045cbe5f347a25c6eecb5,"[988.83, 1.0]",618,"[24.2, 12.4]",2.1,"[16.8, 11.8]","[15.951, 0.82]",1725009875000,"[0, 0]","[31.96, 9.2]"
"[20.922, 1.63]",345,"[19.013, 0.83]","[62.24, 29.0]","[1.55, 0.4]",OK,"[76.5, 4.97]","[43.52, 6.4]","[23.174, 0.53]","[74.6, 1.9]","[26.2, 12.6]","[1.0242, 0.1673]","[549.9, 66.5]",2476110a610045cbe5f347a25c6eecb5,"[988.82, 1.0]",618,"[24.2, 12.3]",2.1,"[16.7, 11.9]","[15.95, 0.82]",1725009883000,"[0, 0]","[31.96, 9.2]"
"[20.922, 1.63]",345,"[19.012, 0.83]","[62.22, 29.0]","[1.55, 0.4]",OK,"[76.492, 4.97]","[43.25, 6.4]","[23.175, 0.53]","[74.6, 1.9]","[26.2, 12.6]","[1.0238, 0.1673]","[550.0999, 66.5]",2476110a610045cbe5f347a25c6eecb5,"[988.82, 1.0]",618,"[24.2, 12.3]",2.1,"[16.7, 11.9]","[15.949, 0.82]",1725009891000,"[0, 0]","[31.96, 9.2]"
"[20.922, 1.63]",345,"[19.012, 0.83]","[62.22, 29.0]","[1.55, 0.4]",OK,"[76.492, 4.97]","[43.25, 6.4]","[23.175, 0.53]","[74.6, 1.9]","[26.2, 12.6]","[1.0238, 0.1673]","[550.0999, 66.5]",2476110a610045cbe5f347a25c6eecb5,"[988.82, 1.0]",618,"[24.2, 12.3]",2.1,"[16.7, 11.9]","[15.949, 0.82]",1725009891000,"[0, 0]","[31.96, 9.2]"
"[20.922, 1.63]",350,"[19.005, 0.83]","[62.11, 28.9]","[1.53, 0.4]",OK,"[76.445, 4.96]","[44.2, 6.3]","[23.178, 0.53]","[74.6, 1.9]","[25.9, 12.5]","[1.0221, 0.167]","[550.4, 66.5]",2476110a610045cbe5f347a25c6eecb5,"[988.82, 1.0]",617,"[24.0, 12.3]",2.1,"[16.6, 11.8]","[15.942, 0.82]",1725009931000,"[0, 0]","[31.97, 9.2]"
"[20.922, 1.63]",348,"[19.003, 0.83]","[62.09, 28.9]","[1.53, 0.4]",OK,"[76.434, 4.96]","[44.07, 6.3]","[23.178, 0.53]","[74.6, 1.9]","[25.9, 12.5]","[1.0218, 0.167]","[550.4, 66.5]",2476110a610045cbe5f347a25c6eecb5,"[988.82, 1.0]",617,"[24.1, 12.3]",2.1,"[16.6, 11.8]","[15.941, 0.82]",1725009939000,"[0, 0]","[31.97, 9.2]"
"[20.923, 1.63]",348,"[19.003, 0.83]","[62.06, 28.9]","[1.52, 0.4]",OK,"[76.428, 4.96]","[43.82, 6.3]","[23.179, 0.53]","[74.6, 1.9]","[25.9, 12.6]","[1.0215, 0.1669]","[550.5, 66.5]",2476110a610045cbe5f347a25c6eecb5,"[988.81, 1.0]",617,"[24.1, 12.3]",2.1,"[16.6, 11.8]","[15.94, 0.82]",1725009947000,"[0, 0]","[31.97, 9.2]"
"[20.923, 1.63]",348,"[19.003, 0.83]","[62.06, 28.9]","[1.52, 0.4]",OK,"[76.428, 4.96]","[43.82, 6.3]","[23.179, 0.53]","[74.6, 1.9]","[25.9, 12.6]","[1.0215, 0.1669]","[550.5, 66.5]",2476110a610045cbe5f347a25c6eecb5,"[988.81, 1.0]",617,"[24.1, 12.3]",2.1,"[16.6, 11.8]","[15.94, 0.82]",1725009947000,"[0, 0]","[31.97, 9.2]"
"[20.923, 1.63]",346,"[19.001, 0.83]","[62.04, 28.9]","[1.52, 0.4]",OK,"[76.423, 4.96]","[43.47, 6.4]","[23.178, 0.53]","[74.6, 1.9]","[26.0, 12.6]","[1.0213, 0.1669]","[550.5, 66.5]",2476110a610045cbe5f347a25c6eecb5,"[988.81, 1.0]",617,"[24.2, 12.3]",2.1,"[16.7, 11.8]","[15.938, 0.82]",1725009955000,"[0, 0]","[31.97, 9.2]"
"[20.923, 1.63]",344,"[19.0, 0.83]","[62.02, 28.9]","[1.52, 0.4]",OK,"[76.417, 4.96]","[43.17, 6.4]","[23.179, 0.53]","[74.6, 1.9]","[25.9, 12.6]","[1.021, 0.1669]","[550.5, 66.5]",2476110a610045cbe5f347a25c6eecb5,"[988.81, 1.0]",617,"[24.1, 12.3]",2.0,"[16.8, 11.8]","[15.937, 0.82]",1725009963000,"[0, 0]","[31.97, 9.2]"
"[20.923, 1.63]",343,"[19.0, 0.83]","[61.99, 28.9]","[1.51, 0.4]",OK,"[76.415, 4.96]","[43.45, 6.3]","[23.179, 0.53]","[74.6, 1.9]","[25.8, 12.5]","[1.0206, 0.1668]","[550.5, 66.5]",2476110a610045cbe5f347a25c6eecb5,"[988.81, 1.0]",617,"[24.1, 12.3]",2.0,"[16.9, 11.8]","[15.937, 0.82]",1725009971000,"[0, 0]","[31.97, 9.2]"
"[20.923, 1.63]",343,"[19.0, 0.83]","[61.99, 28.9]","[1.51, 0.4]",OK,"[76.415, 4.96]","[43.45, 6.3]","[23.179, 0.53]","[74.6, 1.9]","[25.8, 12.5]","[1.0206, 0.1668]","[550.5, 66.5]",2476110a610045cbe5f347a25c6eecb5,"[988.81, 1.0]",617,"[24.1, 12.3]",2.0,"[16.9, 11.8]","[15.937, 0.82]",1725009971000,"[0, 0]","[31.97, 9.2]"
"[20.923, 1.63]",344,"[19.0, 0.83]","[61.97, 28.9]","[1.51, 0.4]",OK,"[76.414, 4.96]","[43.36, 6.3]","[23.18, 0.53]","[74.6, 1.9]","[25.7, 12.5]","[1.0203, 0.1668]","[550.5, 66.5]",2476110a610045cbe5f347a25c6eecb5,"[988.81, 1.0]",617,"[24.0, 12.3]",2.0,"[16.8, 11.8]","[15.938, 0.82]",1725009979000,"[0, 0]","[31.97, 9.2]"
"[20.923, 1.63]",347,"[19.0, 0.83]","[61.95, 28.9]","[1.51, 0.4]",OK,"[76.408, 4.96]","[43.39, 6.2]","[23.18, 0.53]","[74.6, 1.9]","[25.7, 12.5]","[1.0201, 0.1667]","[550.5, 66.5]",2476110a610045cbe5f347a25c6eecb5,"[988.81, 1.0]",617,"[24.0, 12.3]",2.0,"[16.7, 11.8]","[15.937, 0.82]",1725009987000,"[0, 0]","[31.97, 9.2]"
"[20.923, 1.63]",348,"[19.0, 0.83]","[61.92, 28.8]","[1.5, 0.4]",OK,"[76.402, 4.96]","[42.98, 6.4]","[23.181, 0.53]","[74.6, 1.9]","[25.7, 12.5]","[1.0198, 0.1667]","[550.5, 66.5]",2476110a610045cbe5f347a25c6eecb5,"[988.8, 1.0]",617,"[24.0, 12.3]",2.0,"[16.6, 11.7]","[15.936, 0.82]",1725009995000,"[0, 0]","[31.97, 9.2]"
"[20.923, 1.63]",348,"[19.0, 0.83]","[61.92, 28.8]","[1.5, 0.4]",OK,"[76.402, 4.96]","[42.98, 6.4]","[23.181, 0.53]","[74.6, 1.9]","[25.7, 12.5]","[1.0198, 0.1667]","[550.5, 66.5]",2476110a610045cbe5f347a25c6eecb5,"[988.8, 1.0]",617,"[24.0, 12.3]",2.0,"[16.6, 11.7]","[15.936, 0.82]",1725009995000,"[0, 0]","[31.97, 9.2]"
"[20.923, 1.63]",348,"[18.999, 0.83]","[61.9, 28.8]","[1.5, 0.4]",OK,"[76.397, 4.96]","[42.47, 6.7]","[23.182, 0.53]","[74.6, 1.9]","[25.7, 12.5]","[1.0196, 0.1667]","[550.5, 66.5]",2476110a610045cbe5f347a25c6eecb5,"[988.8, 1.0]",617,"[24.1, 12.3]",2.0,"[16.7, 11.8]","[15.936, 0.82]",1725010003000,"[0, 0]","[31.97, 9.2]"
"[20.923, 1.63]",346,"[18.997, 0.83]","[61.8, 28.8]","[1.48, 0.4]",OK,"[76.373, 4.96]","[41.62, 6.7]","[23.185, 0.53]","[41.8, 4.8]","[25.7, 12.5]","[1.0184, 0.1665]","[550.0, 66.5]",2476110a610045cbe5f347a25c6eecb5,"[988.8, 1.0]",617,"[24.3, 12.3]",1.9,"[16.7, 11.8]","[15.934, 0.82]",1725010043000,"[0, 0]","[31.97, 9.2]"
"[20.923, 1.63]",348,"[18.997, 0.83]","[61.78, 28.8]","[1.48, 0.4]",OK,"[76.369, 4.96]","[41.74, 6.6]","[23.186, 0.53]","[45.0, 4.0]","[25.6, 12.5]","[1.0182, 0.1665]","[550.0, 66.5]",2476110a610045cbe5f347a25c6eecb5,"[988.7899, 1.0]",617,"[24.2, 12.3]",1.9,"[16.7, 11.8]","[15.934, 0.82]",1725010051000,"[0, 0]","[31.97, 9.2]"
"[20.923, 1.63]",349,"[18.997, 0.83]","[61.76, 28.8]","[1.48, 0.4]",OK,"[76.365, 4.96]","[41.45, 6.7]","[23.186, 0.53]","[45.0, 4.0]","[25.4, 12.5]","[1.018, 0.1664]","[549.9, 66.5]",2476110a610045cbe5f347a25c6eecb5,"[988.7899, 1.0]",617,"[24.1, 12.3]",1.9,"[16.6, 11.7]","[15.933, 0.82]",1725010059000,"[0, 0]","[31.98, 9.2]"
"[20.923, 1.63]",349,"[18.997, 0.83]","[61.76, 28.8]","[1.48, 0.4]",OK,"[76.365, 4.96]","[41.45, 6.7]","[23.186, 0.53]","[45.0, 4.0]","[25.4, 12.5]","[1.018, 0.1664]","[549.9, 66.5]",2476110a610045cbe5f347a25c6eecb5,"[988.7899, 1.0]",617,"[24.1, 12.3]",1.9,"[16.6, 11.7]","[15.933, 0.82]",1725010059000,"[0, 0]","[31.98, 9.2]"
"[20.923, 1.63]",349,"[18.998, 0.83]","[61.74, 28.8]","[1.47, 0.4]",OK,"[76.365, 4.96]","[41.28, 6.7]","[23.187, 0.53]","[45.0, 4.0]","[25.3, 12.5]","[1.0179, 0.1664]","[549.9, 66.5]",2476110a610045cbe5f347a25c6eecb5,"[988.7899, 1.0]",617,"[24.0, 12.3]",1.9,"[16.6, 11.8]","[15.934, 0.82]",1725010067000,"[0, 0]","[31.98, 9.2]"
"[20.923, 1.63]",348,"[18.998, 0.83]","[61.72, 28.8]","[1.47, 0.4]",OK,"[76.365, 4.96]","[40.92, 6.9]","[23.188, 0.53]","[45.0, 4.0]","[25.3, 12.5]","[1.0177, 0.1664]","[550.0, 66.5]",2476110a610045cbe5f347a25c6eecb5,"[988.7899, 1.0]",617,"[24.1, 12.2]",1.9,"[16.6, 11.8]","[15.935, 0.82]",1725010075000,"[0, 0]","[31.97, 9.2]"
"[20.923, 1.63]",348,"[18.998, 0.83]","[61.72, 28.8]","[1.47, 0.4]",OK,"[76.365, 4.96]","[40.92, 6.9]","[23.188, 0.53]","[45.0, 4.0]","[25.3, 12.5]","[1.0177, 0.1664]","[550.0, 66.5]",2476110a610045cbe5f347a25c6eecb5,"[988.7899, 1.0]",617,"[24.1, 12.2]",1.9,"[16.6, 11.8]","[15.935, 0.82]",1725010075000,"[0, 0]","[31.97, 9.2]"
"[20.924, 1.63]",347,"[18.999, 0.83]","[61.71, 28.8]","[1.47, 0.4]",OK,"[76.365, 4.96]","[40.97, 6.8]","[23.189, 0.53]","[45.0, 4.0]","[25.4, 12.5]","[1.0175, 0.1664]","[550.0, 66.5]",2476110a610045cbe5f347a25c6eecb5,"[988.7899, 1.0]",617,"[24.2, 12.3]",1.9,"[16.7, 11.8]","[15.936, 0.82]",1725010083000,"[0, 0]","[31.97, 9.2]"
"[20.924, 1.63]",346,"[19.0, 0.83]","[61.69, 28.8]","[1.47, 0.4]",OK,"[76.365, 4.96]","[40.66, 6.9]","[23.19, 0.53]","[45.0, 4.0]","[25.6, 12.5]","[1.0172, 0.1663]","[549.9, 66.5]",2476110a610045cbe5f347a25c6eecb5,"[988.7899, 1.0]",617,"[24.3, 12.3]",1.9,"[16.7, 11.8]","[15.937, 0.82]",1725010091000,"[0, 0]","[31.97, 9.2]"
"[20.924, 1.63]",345,"[19.002, 0.83]","[61.67, 28.8]","[1.46, 0.4]",OK,"[76.365, 4.96]","[40.32, 7.0]","[23.191, 0.53]","[45.0, 4.0]","[25.7, 12.5]","[1.0171, 0.1663]","[549.9, 66.5]",2476110a610045cbe5f347a25c6eecb5,"[988.7899, 1.0]",617,"[24.4, 12.3]",1.9,"[16.8, 11.8]","[15.938, 0.82]",1725010099000,"[0, 0]","[31.97, 9.2]"
"[20.924, 1.63]",345,"[19.002, 0.83]","[61.67, 28.8]","[1.46, 0.4]",OK,"[76.365, 4.96]","[40.32, 7.0]","[23.191, 0.53]","[45.0, 4.0]","[25.7, 12.5]","[1.0171, 0.1663]","[549.9, 66.5]",2476110a610045cbe5f347a25c6eecb5,"[988.7899, 1.0]",617,"[24.4, 12.3]",1.9,"[16.8, 11.8]","[15.938, 0.82]",1725010099000,"[0, 0]","[31.97, 9.2]"
"[20.924, 1.63]",344,"[19.003, 0.83]","[61.66, 28.7]","[1.46, 0.4]",OK,"[76.365, 4.96]","[39.98, 7.2]","[23.193, 0.53]","[45.0, 4.0]","[25.8, 12.5]","[1.0169, 0.1663]","[549.8, 66.5]",2476110a610045cbe5f347a25c6eecb5,"[988.7899, 1.0]",617,"[24.4, 12.3]",1.9,"[16.8, 11.8]","[15.939, 0.82]",1725010107000,"[0, 0]","[31.97, 9.2]"
"[20.924, 1.63]",341,"[19.005, 0.83]","[61.6, 28.7]","[1.44, 0.4]",OK,"[76.341, 4.95]","[38.81, 7.5]","[23.2, 0.53]","[33.7, 8.2]","[26.0, 12.6]","[1.0161, 0.1662]","[549.2, 66.5]",2476110a610045cbe5f347a25c6eecb5,"[988.78, 1.0]",617,"[24.7, 12.4]",1.9,"[16.9, 11.8]","[15.941, 0.82]",1725010147000,"[0, 0]","[31.97, 9.2]"
"[20.924, 1.63]",342,"[19.006, 0.83]","[61.58, 28.7]","[1.44, 0.4]",OK,"[76.337, 4.95]","[38.64, 7.5]","[23.201, 0.53]","[33.8, 8.2]","[26.1, 12.6]","[1.0159, 0.1661]","[549.0, 66.5]",2476110a610045cbe5f347a25c6eecb5,"[988.78, 1.0]",617,"[24.7, 12.3]",1.9,"[16.9, 11.8]","[15.941, 0.82]",1725010155000,"[0, 0]","[31.98, 9.2]"
"[20.924, 1.63]",343,"[19.007, 0.83]","[61.57, 28.7]","[1.43, 0.4]",OK,"[76.334, 4.95]","[38.68, 7.5]","[23.203, 0.53]","[39.7, 5.5]","[26.0, 12.6]","[1.0158, 0.1661]","[548.8, 66.5]",2476110a610045cbe5f347a25c6eecb5,"[988.78, 1.0]",617,"[24.6, 12.3]",1.9,"[16.8, 11.8]","[15.942, 0.82]",1725010163000,"[0, 0]","[31.98, 9.2]"
"[20.924, 1.63]",343,"[19.007, 0.83]","[61.57, 28.7]","[1.43, 0.4]",OK,"[76.334, 4.95]","[38.68, 7.5]","[23.203, 0.53]","[39.7, 5.5]","[26.0, 12.6]","[1.0158, 0.1661]","[548.8, 66.5]",2476110a610045cbe5f347a25c6eecb5,"[988.78, 1.0]",617,"[24.6, 12.3]",1.9,"[16.8, 11.8]","[15.942, 0.82]",1725010163000,"[0, 0]","[31.98, 9.2]"
"[20.925, 1.63]",345,"[19.007, 0.83]","[61.56, 28.7]","[1.43, 0.4]",OK,"[76.331, 4.95]","[38.52, 7.5]","[23.204, 0.53]","[39.7, 5.5]","[26.0, 12.6]","[1.0156, 0.1661]","[548.7, 66.5]",2476110a610045cbe5f347a25c6eecb5,"[988.78, 1.0]",617,"[24.5, 12.3]",2.0,"[16.8, 11.8]","[15.942, 0.82]",1725010171000,"[0, 0]","[31.99, 9.2]"
"[20.925, 1.63]",346,"[19.007, 0.83]","[61.54, 28.7]","[1.43, 0.4]",OK,"[76.32801, 4.95]","[38.54, 7.4]","[23.205, 0.53]","[39.7, 5.5]","[26.2, 12.6]","[1.0155, 0.1661]","[548.6, 66.5]",2476110a610045cbe5f347a25c6eecb5,"[988.77, 1.0]",617,"[24.4, 12.3]",2.0,"[16.7, 11.8]","[15.943, 0.82]",1725010178000,"[0, 0]","[31.99, 9.2]"
"[20.925, 1.63]",348,"[19.008, 0.83]","[61.53, 28.7]","[1.42, 0.4]",OK,"[76.325, 4.95]","[38.38, 7.5]","[23.207, 0.53]","[39.7, 5.5]","[26.3, 12.6]","[1.0154, 0.1661]","[548.6, 66.5]",2476110a610045cbe5f347a25c6eecb5,"[988.77, 1.0]",617,"[24.3, 12.3]",2.1,"[16.7, 11.7]","[15.943, 0.82]",1725010185000,"[0, 0]","[32.0, 9.2]"
"[20.924, 1.63]",348,"[19.009, 0.83]","[61.51, 28.7]","[1.42, 0.4]",OK,"[76.322, 4.95]","[38.52, 7.4]","[23.208, 0.53]","[42.5, 4.6]","[26.3, 12.7]","[1.0151, 0.166]","[548.5, 66.5]",2476110a610045cbe5f347a25c6eecb5,"[988.77, 1.0]",617,"[24.3, 12.3]",2.1,"[16.6, 11.7]","[15.944, 0.82]",1725010193000,"[0, 0]","[32.0, 9.2]"
"[20.924, 1.63]",348,"[19.009, 0.83]","[61.51, 28.7]","[1.42, 0.4]",OK,"[76.322, 4.95]","[38.52, 7.4]","[23.208, 0.53]","[42.5, 4.6]","[26.3, 12.7]","[1.0151, 0.166]","[548.5, 66.5]",2476110a610045cbe5f347a25c6eecb5,"[988.77, 1.0]",617,"[24.3, 12.3]",2.1,"[16.6, 11.7]","[15.944, 0.82]",1725010193000,"[0, 0]","[32.0, 9.2]"
"[20.924, 1.63]",349,"[19.01, 0.83]","[61.49, 28.7]","[1.42, 0.4]",OK,"[76.323, 4.95]","[38.39, 7.4]","[23.209, 0.53]","[42.5, 4.6]","[26.2, 12.6]","[1.0149, 0.166]","[548.5, 66.5]",2476110a610045cbe5f347a25c6eecb5,"[988.77, 1.0]",617,"[24.2, 12.3]",2.1,"[16.6, 11.7]","[15.946, 0.82]",1725010200000,"[0, 0]","[32.0, 9.2]"
"[20.924, 1.63]",350,"[19.012, 0.83]","[61.47, 28.7]","[1.41, 0.4]",OK,"[76.324, 4.95]","[38.22, 7.4]","[23.211, 0.53]","[42.5, 4.6]","[26.1, 12.6]","[1.0148, 0.166]","[548.4, 66.5]",2476110a610045cbe5f347a25c6eecb5,"[988.77, 1.0]",616,"[24.1, 12.3]",2.1,"[16.6, 11.7]","[15.947, 0.82]",1725010207000,"[0, 0]","[32.01, 9.2]"
"[20.923, 1.63]",352,"[19.015, 0.83]","[61.38, 28.6]","[1.39, 0.4]",OK,"[76.322, 4.95]","[39.14, 7.2]","[23.215, 0.53]","[58.7, 2.3]","[25.8, 12.6]","[1.0139, 0.1659]","[548.7, 66.5]",2476110a610045cbe5f347a25c6eecb5,"[988.76, 1.0]",615,"[23.9, 12.2]",2.1,"[16.5, 11.7]","[15.95, 0.82]",1725010244000,"[0, 0]","[32.04, 9.2]"
"[20.923, 1.63]",351,"[19.015, 0.83]","[61.35, 28.6]","[1.39, 0.4]",OK,"[76.319, 4.95]","[39.79, 7.1]","[23.215, 0.53]","[58.7, 2.3]","[25.8, 12.6]","[1.0137, 0.1658]","[548.9, 66.5]",2476110a610045cbe5f347a25c6eecb5,"[988.76, 1.0]",615,"[23.8, 12.2]",2.1,"[16.5, 11.7]","[15.95, 0.82]",1725010252000,"[0, 0]","[32.05, 9.2]"
"[20.923, 1.63]",351,"[19.015, 0.83]","[61.35, 28.6]","[1.39, 0.4]",OK,"[76.319, 4.95]","[39.79, 7.1]","[23.215, 0.53]","[58.7, 2.3]","[25.8, 12.6]","[1.0137, 0.1658]","[548.9, 66.5]",2476110a610045cbe5f347a25c6eecb5,"[988.76, 1.0]",615,"[23.8, 12.2]",2.1,"[16.5, 11.7]","[15.95, 0.82]",1725010252000,"[0, 0]","[32.05, 9.2]"
"[20.923, 1.63]",350,"[19.015, 0.83]","[61.33, 28.6]","[1.39, 0.4]",OK,"[76.312, 4.95]","[39.94, 7.0]","[23.216, 0.53]","[44.2, 4.2]","[25.9, 12.6]","[1.0135, 0.1658]","[549.2, 66.5]",2476110a610045cbe5f347a25c6eecb5,"[988.76, 1.0]",615,"[23.8, 12.2]",2.1,"[16.5, 11.8]","[15.95, 0.82]",1725010260000,"[0, 0]","[32.06, 9.2]"
"[20.923, 1.63]",350,"[19.014, 0.83]","[61.3, 28.6]","[1.38, 0.4]",OK,"[76.306, 4.95]","[40.05, 6.9]","[23.217, 0.53]","[44.2, 4.2]","[26.0, 12.6]","[1.0133, 0.1658]","[549.5, 66.5]",2476110a610045cbe5f347a25c6eecb5,"[988.76, 1.0]",614,"[23.8, 12.2]",2.1,"[16.6, 11.8]","[15.949, 0.82]",1725010268000,"[0, 0]","[32.06, 9.2]"
"[20.922, 1.63]",350,"[19.013, 0.83]","[61.28, 28.6]","[1.38, 0.4]",OK,"[76.299, 4.95]","[40.35, 6.8]","[23.217, 0.53]","[49.2, 3.2]","[25.9, 12.6]","[1.0132, 0.1658]","[549.9, 66.5]",2476110a610045cbe5f347a25c6eecb5,"[988.76, 1.0]",614,"[23.7, 12.2]",2.1,"[16.6, 11.8]","[15.948, 0.82]",1725010275000,"[0, 0]","[32.07, 9.2]"
"[20.922, 1.63]",350,"[19.011, 0.83]","[61.25, 28.6]","[1.38, 0.4]",OK,"[76.289, 4.95]","[40.56, 6.8]","[23.218, 0.53]","[49.2, 3.2]","[25.9, 12.6]","[1.013, 0.1657]","[550.2, 66.5]",2476110a610045cbe5f347a25c6eecb5,"[988.76, 1.0]",613,"[23.7, 12.2]",2.2,"[16.6, 11.8]","[15.946, 0.82]",1725010283000,"[0, 0]","[32.08, 9.2]"
"[20.922, 1.63]",350,"[19.011, 0.83]","[61.25, 28.6]","[1.38, 0.4]",OK,"[76.289, 4.95]","[40.56, 6.8]","[23.218, 0.53]","[49.2, 3.2]","[25.9, 12.6]","[1.013, 0.1657]","[550.2, 66.5]",2476110a610045cbe5f347a25c6eecb5,"[988.76, 1.0]",613,"[23.7, 12.2]",2.2,"[16.6, 11.8]","[15.946, 0.82]",1725010283000,"[0, 0]","[32.08, 9.2]"
"[20.922, 1.63]",350,"[19.009, 0.83]","[61.22, 28.6]","[1.37, 0.4]",OK,"[76.275, 4.95]","[41.05, 6.7]","[23.218, 0.53]","[55.2, 2.6]","[25.9, 12.6]","[1.0127, 0.1657]","[550.6, 66.5]",2476110a610045cbe5f347a25c6eecb5,"[988.75, 1.0]",613,"[23.7, 12.2]",2.1,"[16.6, 11.8]","[15.944, 0.82]",1725010290000,"[0, 0]","[32.08, 9.2]"
"[20.922, 1.63]",348,"[19.006, 0.83]","[61.19, 28.6]","[1.37, 0.4]",OK,"[76.262, 4.95]","[42.05, 6.6]","[23.218, 0.53]","[71.30001, 1.9]","[26.0, 12.6]","[1.0125, 0.1657]","[550.9, 66.5]",2476110a610045cbe5f347a25c6eecb5,"[988.75, 1.0]",613,"[23.8, 12.2]",2.1,"[16.6, 11.8]","[15.941, 0.82]",1725010297000,"[0, 0]","[32.09, 9.2]"
"[20.922, 1.63]",346,"[19.004, 0.83]","[61.16, 28.6]","[1.37, 0.4]",OK,"[76.253, 4.95]","[42.11, 6.5]","[23.218, 0.53]","[71.30001, 1.9]","[26.1, 12.6]","[1.0123, 0.1656]","[551.2, 66.5]",2476110a610045cbe5f347a25c6eecb5,"[988.75, 1.0]",612,"[23.9, 12.2]",2.1,"[16.7, 11.8]","[15.939, 0.82]",1725010305000,"[0, 0]","[32.09, 9.2]"
"[20.922, 1.63]",346,"[19.004, 0.83]","[61.16, 28.6]","[1.37, 0.4]",OK,"[76.253, 4.95]","[42.11, 6.5]","[23.218, 0.53]","[71.30001, 1.9]","[26.1, 12.6]","[1.0123, 0.1656]","[551.2, 66.5]",2476110a610045cbe5f347a25c6eecb5,"[988.75, 1.0]",612,"[23.9, 12.2]",2.1,"[16.7, 11.8]","[15.939, 0.82]",1725010305000,"[0, 0]","[32.09, 9.2]"
"[20.922, 1.63]",343,"[18.998, 0.83]","[61.03, 28.5]","[1.35, 0.4]",OK,"[76.21601, 4.94]","[42.27, 6.2]","[23.22, 0.53]","[71.30001, 1.9]","[25.9, 12.6]","[1.0113, 0.1655]","[551.8, 66.6]",2476110a610045cbe5f347a25c6eecb5,"[988.75, 1.0]",612,"[23.7, 12.2]",2.1,"[16.9, 11.8]","[15.933, 0.82]",1725010342000,"[0, 0]","[32.12, 9.2]"
"[20.923, 1.63]",343,"[18.998, 0.83]","[61.0, 28.5]","[1.35, 0.4]",OK,"[76.213, 4.94]","[42.22, 6.2]","[23.22, 0.53]","[71.30001, 1.9]","[25.8, 12.6]","[1.0111, 0.1655]","[551.7, 66.6]",2476110a610045cbe5f347a25c6eecb5,"[988.74, 1.0]",612,"[23.6, 12.2]",2.1,"[16.8, 11.8]","[15.932, 0.82]",1725010349000,"[0, 0]","[32.12, 9.2]"
"[20.923, 1.63]",345,"[18.997, 0.83]","[60.98, 28.5]","[1.34, 0.4]",OK,"[76.209, 4.94]","[41.83, 6.4]","[23.22, 0.53]","[71.30001, 1.9]","[25.9, 12.6]","[1.011, 0.1654]","[551.7, 66.6]",2476110a610045cbe5f347a25c6eecb5,"[988.74, 1.0]",612,"[23.6, 12.2]",2.2,"[16.8, 11.8]","[15.932, 0.82]",1725010356000,"[0, 0]","[32.12, 9.2]"
"[20.923, 1.63]",346,"[18.996, 0.83]","[60.95, 28.5]","[1.34, 0.4]",OK,"[76.206, 4.94]","[41.56, 6.5]","[23.22, 0.53]","[71.30001, 1.9]","[26.0, 12.6]","[1.0108, 0.1654]","[551.6, 66.5]",2476110a610045cbe5f347a25c6eecb5,"[988.74, 1.0]",612,"[23.6, 12.2]",2.2,"[16.7, 11.8]","[15.931, 0.82]",1725010364000,"[0, 0]","[32.13, 9.2]"
"[20.923, 1.63]",346,"[18.996, 0.83]","[60.95, 28.5]","[1.34, 0.4]",OK,"[76.206, 4.94]","[41.56, 6.5]","[23.22, 0.53]","[71.30001, 1.9]","[26.0, 12.6]","[1.0108, 0.1654]","[551.6, 66.5]",2476110a610045cbe5f347a25c6eecb5,"[988.74, 1.0]",612,"[23.6, 12.2]",2.2,"[16.7, 11.8]","[15.931, 0.82]",1725010364000,"[0, 0]","[32.13, 9.2]"
"[20.923, 1.63]",347,"[18.996, 0.83]","[60.93, 28.5]","[1.33, 0.4]",OK,"[76.203, 4.94]","[41.45, 6.4]","[23.221, 0.53]","[71.30001, 1.9]","[26.1, 12.6]","[1.0105, 0.1654]","[551.6, 66.5]",2476110a610045cbe5f347a25c6eecb5,"[988.74, 1.0]",612,"[23.6, 12.2]",2.2,"[16.7, 11.8]","[15.931, 0.82]",1725010372000,"[0, 0]","[32.13, 9.2]"
"[20.923, 1.63]",347,"[18.996, 0.83]","[60.9, 28.5]","[1.33, 0.4]",OK,"[76.2, 4.94]","[41.29, 6.4]","[23.221, 0.53]","[36.7, 6.7]","[26.2, 12.6]","[1.0103, 0.1654]","[551.6, 66.5]",2476110a610045cbe5f347a25c6eecb5,"[988.74, 1.0]",612,"[23.7, 12.2]",2.2,"[16.7, 11.8]","[15.931, 0.82]",1725010379000,"[0, 0]","[32.14, 9.2]"
"[20.923, 1.63]",346,"[18.995, 0.83]","[60.88, 28.5]","[1.33, 0.4]",OK,"[76.197, 4.94]","[41.32, 6.4]","[23.221, 0.53]","[42.2, 4.7]","[26.3, 12.6]","[1.0102, 0.1653]","[551.5, 66.5]",2476110a610045cbe5f347a25c6eecb5,"[988.74, 1.0]",612,"[23.7, 12.2]",2.2,"[16.7, 11.8]","[15.93, 0.82]",1725010387000,"[0, 0]","[32.14, 9.2]"
"[20.923, 1.63]",346,"[18.995, 0.83]","[60.88, 28.5]","[1.33, 0.4]",OK,"[76.197, 4.94]","[41.32, 6.4]","[23.221, 0.53]","[42.2, 4.7]","[26.3, 12.6]","[1.0102, 0.1653]","[551.5, 66.5]",2476110a610045cbe5f347a25c6eecb5,"[988.74, 1.0]",612,"[23.7, 12.2]",2.2,"[16.7, 11.8]","[15.93, 0.82]",1725010387000,"[0, 0]","[32.14, 9.2]"
"[20.923, 1.63]",344,"[18.996, 0.83]","[60.86, 28.5]","[1.32, 0.4]",OK,"[76.194, 4.94]","[41.01, 6.5]","[23.222, 0.53]","[42.2, 4.7]","[26.3, 12.6]","[1.0101, 0.1653]","[551.5, 66.5]",2476110a610045cbe5f347a25c6eecb5,"[988.74, 1.0]",612,"[23.8, 12.2]",2.2,"[16.8, 11.8]","[15.931, 0.82]",1725010394000,"[0, 0]","[32.14, 9.2]"
"[20.924, 1.63]",343,"[18.995, 0.83]","[60.84, 28.4]","[1.32, 0.4]",OK,"[76.191, 4.94]","[40.66, 6.7]","[23.223, 0.53]","[42.2, 4.7]","[26.4, 12.6]","[1.0099, 0.1653]","[551.4, 66.5]",2476110a610045cbe5f347a25c6eecb5,"[988.73, 1.0]",612,"[23.8, 12.2]",2.2,"[16.8, 11.8]","[15.93, 0.82]",1725010401000,"[0, 0]","[32.14, 9.2]"
"[20.924, 1.63]",342,"[18.996, 0.83]","[60.82, 28.4]","[1.31, 0.4]",OK,"[76.189, 4.94]","[40.31, 6.8]","[23.224, 0.53]","[42.2, 4.7]","[26.4, 12.7]","[1.0098, 0.1653]","[551.2, 66.5]",2476110a610045cbe5f347a25c6eecb5,"[988.73, 1.0]",612,"[23.9, 12.2]",2.2,"[16.9, 11.8]","[15.931, 0.82]",1725010408000,"[0, 0]","[32.15, 9.3]"
"[20.924, 1.63]",341,"[18.996, 0.83]","[60.8, 28.4]","[1.31, 0.4]",OK,"[76.19, 4.94]","[39.97, 7.0]","[23.224, 0.53]","[42.2, 4.7]","[26.4, 12.7]","[1.0097, 0.1653]","[551.1, 66.5]",2476110a610045cbe5f347a25c6eecb5,"[988.73, 1.0]",612,"[23.9, 12.2]",2.2,"[16.9, 11.8]","[15.931, 0.82]",1725010416000,"[0, 0]","[32.15, 9.3]"
"[20.925, 1.63]",343,"[18.998, 0.83]","[60.72, 28.4]","[1.27, 0.4]",OK,"[76.182, 4.94]","[38.54, 7.6]","[23.228, 0.53]","[42.2, 4.7]","[26.0, 12.6]","[1.0085, 0.1651]","[550.0, 66.5]",2476110a610045cbe5f347a25c6eecb5,"[988.73, 1.0]",612,"[23.7, 12.2]",2.1,"[16.8, 11.8]","[15.933, 0.82]",1725010452000,"[0, 0]","[32.2, 9.3]"
"[20.925, 1.63]",343,"[18.998, 0.83]","[60.7, 28.4]","[1.27, 0.4]",OK,"[76.175, 4.94]","[38.24, 7.7]","[23.228, 0.53]","[42.2, 4.7]","[26.0, 12.6]","[1.0082, 0.165]","[549.7, 66.5]",2476110a610045cbe5f347a25c6eecb5,"[988.73, 1.0]",612,"[23.8, 12.2]",2.1,"[16.8, 11.8]","[15.932, 0.82]",1725010460000,"[0, 0]","[32.21, 9.3]"
"[20.925, 1.63]",343,"[18.998, 0.83]","[60.7, 28.4]","[1.27, 0.4]",OK,"[76.175, 4.94]","[38.24, 7.7]","[23.228, 0.53]","[42.2, 4.7]","[26.0, 12.6]","[1.0082, 0.165]","[549.7, 66.5]",2476110a610045cbe5f347a25c6eecb5,"[988.73, 1.0]",612,"[23.8, 12.2]",2.1,"[16.8, 11.8]","[15.932, 0.82]",1725010460000,"[0, 0]","[32.21, 9.3]"
"[20.925, 1.63]",342,"[18.998, 0.83]","[60.69, 28.4]","[1.26, 0.4]",OK,"[76.169, 4.94]","[37.98, 7.8]","[23.23, 0.53]","[42.2, 4.7]","[26.0, 12.6]","[1.0079, 0.165]","[549.4, 66.5]",2476110a610045cbe5f347a25c6eecb5,"[988.73, 1.0]",612,"[23.9, 12.3]",2.1,"[16.9, 11.8]","[15.932, 0.82]",1725010468000,"[0, 0]","[32.23, 9.3]"
